target_order,plugin,prefix,candidate_folders,in_downloaded_archive,in_mv_loadorder,in_nolvus_plugins,in_mv_install,in_nolvus_install
82,Lux Orbis - Master plugin.esm,Lux Orbis,Lux Orbis - Patch Hub2 (keep); High Hrothgar Fixed - Lux Orbis Parallax Patch (keep); Tel Mithryn Overhaul - High Poly and Improved Meshes - Lux Orbis Patch (keep),,yes,yes,Lux Orbis,Lux Orbis
141,Whiterun Has Walls - Navmeshed.esm,Whiterun Has Walls,Whiterun Has Walls Redone - Patch Hub2 (keep),,,,,
676,Lux Via - DK Nord Ships patch.esp,Lux Via,Lux - Via (patch hub)2 (keep); Orc Strogholds - AIO - Lux Via Patch (keep); Skybound Underhang Camp - Lux Via Patch (download),,,,,
781,Ryns Whiterun City Limits - Water for ENB (Shades of Skyrim).esp,Ryns Whiterun City Limits,Ryn's Whiterun City Limits - Patch Collection (download),,,,,
820,HLIORemi - Dwemer Backpack by Xtudo.esp,HLIORemi,,Dwemer Backpack - SE by Xtudo - Remi HDT-SMP-169893-1-1768570961.7z,,,,
965,DBM_HUB_TwilightPrincess_Patch.esp,DBM,Madmen - DBM Patch (keep),,,,,
966,LOTD_TCC_Twilight Princess Armor.esp,LOTD,LOTDV6 - Blubbos Solitude - Tree Patch (download); dbvo_jinx_lotd_patch (download); COIN - LOTD Patch (keep),,,,,
1156,DBM_HUB_SoulHunterArmor_Patch.esp,DBM,Madmen - DBM Patch (keep),,,,,
1157,LOTD_TCC_Soul Hunter Armor.esp,LOTD,LOTDV6 - Blubbos Solitude - Tree Patch (download); dbvo_jinx_lotd_patch (download); COIN - LOTD Patch (keep),,,,,
1182,Occ_Skyrim_COTN-Winterhold_patch.esp,Occ,Occiglacies (Crafting Fix) (keep); Lux - HAG - Occult Orphan Rock Patch (keep); Project AHO - CC Ghost of the tribunal Consistency Patch (keep),,,,,
1187,Occ_Skyrim_TGCotN-Winterhold-v4_patch.esp,Occ,Occiglacies (Crafting Fix) (keep); Lux - HAG - Occult Orphan Rock Patch (keep); Project AHO - CC Ghost of the tribunal Consistency Patch (keep),,,,,
1360,DBM_ZimsImmersiveArtifacts_Patch.esp,DBM,Madmen - DBM Patch (keep),,,,,
1464,DBM_JSDagger_Patch.esp,DBM,Madmen - DBM Patch (keep),,,,,
1565,JS Dragon Claws AE - Legacy of the Dragonborn.esp,JS Dragon Claws AE,,,,yes,,JS Dragon Claws AE Anniversary Edition [2K]
1566,JS Dragon Claws AE - Konahriks Accoutrements.esp,JS Dragon Claws AE,,,,yes,,JS Dragon Claws AE Anniversary Edition [2K]
1567,JS Dragon Claws AE - Wyrmstooth.esp,JS Dragon Claws AE,,,,yes,,JS Dragon Claws AE Anniversary Edition [2K]
1568,JS Dragon Claws AE - Skyrim Sewers.esp,JS Dragon Claws AE,,,,yes,,JS Dragon Claws AE Anniversary Edition [2K]
1569,JS_DBM_KA_Patch.esp,JS,Snazzy Diverse Carriages - JS Knapsacks Patch (keep); JS Common Cages - Vigilant Patch (keep); Draugr MCO - JS Emissive Eyes Patch (keep),,,yes,,JS Dragon Claws AE Anniversary Edition [2K]
1570,JS_DBM_Wyrmstooth_Patch.esp,JS,Snazzy Diverse Carriages - JS Knapsacks Patch (keep); JS Common Cages - Vigilant Patch (keep); Draugr MCO - JS Emissive Eyes Patch (keep),,,yes,,JS Dragon Claws AE Anniversary Edition [2K]
1571,JS_DBM_SkyrimSewers_Patch.esp,JS,Snazzy Diverse Carriages - JS Knapsacks Patch (keep); JS Common Cages - Vigilant Patch (keep); Draugr MCO - JS Emissive Eyes Patch (keep),,,yes,,JS Dragon Claws AE Anniversary Edition [2K]
1938,Anchor Animations Spell V2.esp,Anchor Animations Spell V2,,,,,,
1939,RUSTIC SOULGEMS - Unsorted.esp,RUSTIC SOULGEMS,,,,,,
1943,FH_Grapple.esp,FH,Wintersun - House of Horrors - TCIY Patch (keep); Wintersun - House of Horrors - Quest Expansion Patch (keep); House of Horrors - Quest Expansion - Enigma Series Patch (keep),,,,,
1947,AnchorShdSwd.esp,AnchorShdSwd,,,,,,
2031,DBM_JKArcadia_Patch.esp,DBM,Madmen - DBM Patch (keep),,,,,
2032,DBM_JKBannered_Patch.esp,DBM,Madmen - DBM Patch (keep),,,,,
2033,DBM_JKBelethor_Patch.esp,DBM,Madmen - DBM Patch (keep),,,,,
2035,DBM_JKDrunken_Patch.esp,DBM,Madmen - DBM Patch (keep),,,,,
2036,DBM_JKWarmaidens_Patch.esp,DBM,Madmen - DBM Patch (keep),,,,,
2062,NITHI NPCs - The Reach - Complete - AI Overhaul.esp,NITHI NPCs,,,,,,
2071,DBM_CC_DMD_OAPSynergy.esp,DBM,Madmen - DBM Patch (keep),,,,,
2072,DBM_CC_Fish_ToKSynergy.esp,DBM,Madmen - DBM Patch (keep),,,,,
2073,DBM_CC_Gold_AoBSynergy.esp,DBM,Madmen - DBM Patch (keep),,,,,
2074,DBM_CC_GotT_MaSSynergy.esp,DBM,Madmen - DBM Patch (keep),,,,,
2075,DBM_CC_GrayCowlReturnsPatchMGTGCoNPatch.esp,DBM,Madmen - DBM Patch (keep),,,,,
2076,DBM_CC_Shad_AoBSynergy.esp,DBM,Madmen - DBM Patch (keep),,,,,
2077,DBM_CC_SoS_CheeseSynergy.esp,DBM,Madmen - DBM Patch (keep),,,,,
2078,DBM_CC_SunderWraithguardToKPatch.esp,DBM,Madmen - DBM Patch (keep),,,,,
2079,DBM_JKCofW_Patch.esp,DBM,Madmen - DBM Patch (keep),,,,,
2155,SC_HorseReplacer.esp,SC,Northern Roads - Patches Compendium (keep); Northern Roads - Landscape and Water Fixes patch (keep); Northern Roads - Collision Box Fix in Whiterun (keep),,,,,
2162,H2135FantasySeries8.esp,H2135FantasySeries8,,,,,,
2164,Curious Adventurer Light.esp,Curious Adventurer Light,,,,,,
2171,HorseAnimaTest.esp,HorseAnimaTest,,,,,,
2190,[Dint999] BDOr_Hairstyles.esp,[Dint999] BDOr,,,,,,
2242,DBM_HUB_Unslaad_Patch.esp,DBM,Madmen - DBM Patch (keep),,,,,
2244,LOTD_TCC_Unslaad.esp,LOTD,LOTDV6 - Blubbos Solitude - Tree Patch (download); dbvo_jinx_lotd_patch (download); COIN - LOTD Patch (keep),,,,,
2309,TRD Patch - At Your Own Pace - Main Quest.esp,TRD Patch,,,,yes,,The Restless Dead - At Your Own Pace Patch
2332,AetheriusLowerStartingSkills.esp,AetheriusLowerStartingSkills,,,,,,
2333,AetheriusNPCSpellAbsorb.esp,AetheriusNPCSpellAbsorb,,,yes,,Aetherius - A Race Overhaul,
2334,BeastHHBB - Relationship Dialogue Overhaul Replacer.esp,BeastHHBB,BeastHHBB - Patches and Addons (keep),,,,,
2335,CC Bittercup - Fixes.esp,CC Bittercup,,,yes,,Psychopatchist Purgatory,
2336,DeadlySpellImpacts - Mysticism.esp,DeadlySpellImpacts,Deadly Spell Impacts - Patches (keep),,yes,,lilebonymace's patches,
2337,DeadlySpellImpacts - Two Fire.esp,DeadlySpellImpacts,Deadly Spell Impacts - Patches (keep),,yes,,Deadly Spell Impacts,
2338,Desecration - Adamant Patch.esp,Desecration,,,yes,,Desecration,
2339,DK Nord Ships - CC Fishing patch.esp,DK Nord Ships,,,,,,
2340,DK Nord Ships - Fixes.esp,DK Nord Ships,,,,,,
2341,Giant_New_Anim.esl,Giant,Simple Hunting Overhaul - Mihail Sea Giants and Ice Titans Patch (keep); Skyrim's Unique Drinks - Ryn's Sleeping Giant Inn Patch (keep); Mihail - Sea Giants and Ice Titans - Wyrmstooth Patch (keep),,yes,,New Creature Animation - Giant,
2342,HouseOfHorrorsQuestExpansion - TheChoiceIsYours.esp,HouseOfHorrorsQuestExpansion,Wintersun - House of Horrors - Quest Expansion Patch (keep); House of Horrors - Quest Expansion - Enigma Series Patch (keep),,yes,yes,lilebonymace's patches,
2343,Adamant - WACCF.esp,Adamant,Adamant - FleshFX Patch (keep); Adamant - Apocalypse Patch (keep),,,,,
2344,Apothecary - WACCF.esp,Apothecary,Apothecary - Awesome Potions Simplified Patch (keep); Apothecary - StarRiseShine's Patches (keep); Apothecary - Mihail Goblins and Riekrs - Patch (keep),,,,,
2345,DeadlySpellImpacts - AOS + ISC.esp,DeadlySpellImpacts,Deadly Spell Impacts - Patches (keep),,,,,
2346,ISC USSEP Patch.esp,ISC USSEP Patch,,,,yes,,
2347,SkyrimsGotTalent-Bards - WACCF.esp,SkyrimsGotTalent-Bards,,,,,,
2348,JKJ- Ohmes Risaad Restored.esp,JKJ- Ohmes Risaad Restored,,,yes,,Project ja-Kha'jay,
2349,Madmen - Aetherius Magic Resist.esp,Madmen,Madmen - Cloaks of Skyrim Patch (keep); Madmen - Dibella's Blessing Patch (keep); Madmen - EEC - Modpocalypse Patch (keep),,,,,
2350,Madmen - Leveled List Difficulty Addon.esp,Madmen,Madmen - Cloaks of Skyrim Patch (keep); Madmen - Dibella's Blessing Patch (keep); Madmen - EEC - Modpocalypse Patch (keep),,,yes,,
2351,Madmen - Simonrim.esp,Madmen,Madmen - Cloaks of Skyrim Patch (keep); Madmen - Dibella's Blessing Patch (keep); Madmen - EEC - Modpocalypse Patch (keep),,,,,
2352,maerchenwald - the archwood lite.esp,maerchenwald,,Maerchenwald - Archwood Lite - Giant Fantasy Trees-150187-1-21a-1747657464.rar,,,,
2354,NotWL - Autumn Rift.esp,NotWL,A Meeko's Shack Overhaul Fixes - NOTWL Patch (keep); Nature's Respite Fixes - NOTWL Patch (keep),,,,,
2355,Blubbo_Trees_Variations_Nexus_noVanillaTrees.esp,Blubbo,LOTDV6 - Blubbos Solitude - Tree Patch (download); Blubbos_Whiterun_2023V2esl_patch (download),,,,,
2357,Nature of the Wild Lands - CC Bittercup patch.esp,Nature of the Wild Lands,Dynamic Wind - Nature Of The Wild Lands Patch (download); Orc Exiles - Bilegulch Stronghold - Nature of The Wild Lands Patch (keep); Double Life - Anises Cabin Overhaul - Nature of the Wild Lands Patch (keep),,yes,,Psychopatchist Purgatory,
2358,Nature of the Wild Lands - CC Myrwatch patch.esp,Nature of the Wild Lands,Dynamic Wind - Nature Of The Wild Lands Patch (download); Orc Exiles - Bilegulch Stronghold - Nature of The Wild Lands Patch (keep); Double Life - Anises Cabin Overhaul - Nature of the Wild Lands Patch (keep),,yes,,Psychopatchist Purgatory,
2359,Nature of the Wild Lands - CC Tundra Homestead patch.esp,Nature of the Wild Lands,Dynamic Wind - Nature Of The Wild Lands Patch (download); Orc Exiles - Bilegulch Stronghold - Nature of The Wild Lands Patch (keep); Double Life - Anises Cabin Overhaul - Nature of the Wild Lands Patch (keep),,yes,,Psychopatchist Purgatory,
2360,Nature of the Wild Lands - Ryn's Ustengrav Patch.esp,Nature of the Wild Lands,Dynamic Wind - Nature Of The Wild Lands Patch (download); Orc Exiles - Bilegulch Stronghold - Nature of The Wild Lands Patch (keep); Double Life - Anises Cabin Overhaul - Nature of the Wild Lands Patch (keep),Tiny Patch Hub-62050-2-5-1-1771141620.7z,yes,,Tiny but Useful - Yet Another Patch Hub,
2361,Project ja-Kha'jay - Lawless - Patch.esp,Project ja-Kha'jay,Project ja-Kha'jay - Patch Collection (keep); Project ja-Kha'jay - Moonpath to Elsweyr Pattch - Eyeglow Patch (keep); Project ja-Kha'jay - Moonpath to Elsweyr Patch - Unofficial Patch (keep),,yes,,Project ja-Kha'jay - Patch Collection,
2362,SkyHUD.esp,SkyHUD,,,yes,,SkyHUD,
2363,SMIM - USSEP patch.esp,SMIM,Whiterun Objects SMIMed (and fixes too) (keep); Weathered Barrels Retexture - SMIM Barrel Extension Patch (keep); The Great Town and Village - SMIM Patch (keep),,yes,,Psychopatchist Purgatory,
2364,SurvivalControlPanel.esp,SurvivalControlPanel,,,yes,,Survival Control Panel,
2365,TheChoiceIsYours - GDO - RDO.esp,TheChoiceIsYours,BTS01Margot - The Choice Is Yours DBVO Patch (download); Wintersun - The Choice is Yours Patch (keep); The Choice is Yours - Cutting Room Floor Patch (keep),,,,,
2366,TSOS_Armor_Vilkas.esp,TSOS,,,,,,
2367,TSOS_Sven_Lute.esp,TSOS,,,,,,
2368,TSOSRefinedCreationClub.esp,TSOSRefinedCreationClub,,,yes,,True Sons Of Skyrim Refined,
2369,Landscape and Water Fixes - CC Fishing patch.esp,Landscape and Water Fixes,Northern Roads - Landscape and Water Fixes patch (keep); Nature of the Wild Lands - Skyrim Landscape and Water Fixes Patch (keep); Skyrim Landscape and Water Fixes - Moon and Star (keep),,yes,,Skyrim Landscape and Water Fixes,
2371,Landscape and Water Fixes - Patch - Alternative Armors - Elven Hunter.esp,Landscape and Water Fixes,Northern Roads - Landscape and Water Fixes patch (keep); Nature of the Wild Lands - Skyrim Landscape and Water Fixes Patch (keep); Skyrim Landscape and Water Fixes - Moon and Star (keep),,yes,,Skyrim Landscape and Water Fixes,
2372,Landscape and Water Fixes - Patch - Farming.esp,Landscape and Water Fixes,Northern Roads - Landscape and Water Fixes patch (keep); Nature of the Wild Lands - Skyrim Landscape and Water Fixes Patch (keep); Skyrim Landscape and Water Fixes - Moon and Star (keep),,yes,,Skyrim Landscape and Water Fixes,
2375,Landscape and Water Fixes - Patch - Myrwatch.esp,Landscape and Water Fixes,Northern Roads - Landscape and Water Fixes patch (keep); Nature of the Wild Lands - Skyrim Landscape and Water Fixes Patch (keep); Skyrim Landscape and Water Fixes - Moon and Star (keep),,yes,,Skyrim Landscape and Water Fixes,
2376,Landscape and Water Fixes - Patch - Tundra Homestead.esp,Landscape and Water Fixes,Northern Roads - Landscape and Water Fixes patch (keep); Nature of the Wild Lands - Skyrim Landscape and Water Fixes Patch (keep); Skyrim Landscape and Water Fixes - Moon and Star (keep),,yes,,Skyrim Landscape and Water Fixes,
2378,Landscape and Water Fixes - Patch - Vigil Enforcer Armor Set.esp,Landscape and Water Fixes,Northern Roads - Landscape and Water Fixes patch (keep); Nature of the Wild Lands - Skyrim Landscape and Water Fixes Patch (keep); Skyrim Landscape and Water Fixes - Moon and Star (keep),,yes,,Skyrim Landscape and Water Fixes,
2380,Great Village of Old Hroldan Watertowers patch.esp,Great Village of Old Hroldan Watertowers patch,,,,,,
2383,Moon and Star Watertower Addon.esp,Moon and Star Watertower Addon,,,,,,
2386,Nature of the Wild Lands - Bruma.esp,Nature of the Wild Lands,Dynamic Wind - Nature Of The Wild Lands Patch (download); Orc Exiles - Bilegulch Stronghold - Nature of The Wild Lands Patch (keep); Double Life - Anises Cabin Overhaul - Nature of the Wild Lands Patch (keep),,,,,
2387,Nature of the Wild Lands - CuttingRoomFloor.esp,Nature of the Wild Lands,Dynamic Wind - Nature Of The Wild Lands Patch (download); Orc Exiles - Bilegulch Stronghold - Nature of The Wild Lands Patch (keep); Double Life - Anises Cabin Overhaul - Nature of the Wild Lands Patch (keep),,,,,
2388,Nature of the Wild Lands - Shrine of Hircine Patch.esp,Nature of the Wild Lands,Dynamic Wind - Nature Of The Wild Lands Patch (download); Orc Exiles - Bilegulch Stronghold - Nature of The Wild Lands Patch (keep); Double Life - Anises Cabin Overhaul - Nature of the Wild Lands Patch (keep),,,,,
2403,GreenThumbSolitude.esp,GreenThumbSolitude,,,,,,
2437,Myrwatch - TnE - USCCP Merged.esp,Myrwatch,Lux - Myrwatch Mesh Patch (keep); Myrwatch - TnE - MyrwatchVaultFix - USCCCP Patch (download); Myrwatch - TnE - CC Fishing Patch (download),,,,,
2458,Fortified Morthal - AI Overhaul Patch.esp,Fortified Morthal,Diverse Chicken Coops - Fortified Morthal Patch (keep); Fortified Morthal - Patches Collection2 (keep),,,,,
2459,Fortified Morthal - eFPS Patch.esp,Fortified Morthal,Diverse Chicken Coops - Fortified Morthal Patch (keep); Fortified Morthal - Patches Collection2 (keep),,,,,
2469,Occ_Skyrim_COTN-Falkreath_patch.esp,Occ,Occiglacies (Crafting Fix) (keep); Lux - HAG - Occult Orphan Rock Patch (keep); Project AHO - CC Ghost of the tribunal Consistency Patch (keep),,,,,
2478,Mostly Treeless Tundra - Northern Scenery - Whiterun Tundra Patch.esp,Mostly Treeless Tundra,,,,,,
2545,AYOP TG - COTN Winterhold Patch.esp,AYOP TG,,Tiny Patch Hub-62050-2-5-1-1771141620.7z,,,,
2599,Medieval Markets - CC Nordic Jewelry Patch.esp,Medieval Markets,Medieval Markets - Vergis Winery Patch (keep); Medieval Markets - Patches Collection3 (keep); Medieval Markets - Whiterun Fixes - USSEP Patch (keep),,,,,
2600,Medieval Markets - Creation Club Fishing Patch.esp,Medieval Markets,Medieval Markets - Vergis Winery Patch (keep); Medieval Markets - Patches Collection3 (keep); Medieval Markets - Whiterun Fixes - USSEP Patch (keep),,,,,
2601,Medieval Markets - eFPS Patch.esp,Medieval Markets,Medieval Markets - Vergis Winery Patch (keep); Medieval Markets - Patches Collection3 (keep); Medieval Markets - Whiterun Fixes - USSEP Patch (keep),,,,,
2627,JKs Riften Outskirts - A Cats Life patch.esp,JKs Riften Outskirts,JK's Riften Outskirts - Scarecrows of Skyrim Patch (keep); JK's Riften Outskirts Patch Collection2 (keep),,,,,
2629,JKs Riften Outskirts - Mihails Goblins and Riekrs patch.esp,JKs Riften Outskirts,JK's Riften Outskirts - Scarecrows of Skyrim Patch (keep); JK's Riften Outskirts Patch Collection2 (keep),,,,,
2631,JKs Riften Outskirts - DK Nord Ships patch.esp,JKs Riften Outskirts,JK's Riften Outskirts - Scarecrows of Skyrim Patch (keep); JK's Riften Outskirts Patch Collection2 (keep),,,,,
2633,JKs Riften Outskirts - LOTD patch.esp,JKs Riften Outskirts,JK's Riften Outskirts - Scarecrows of Skyrim Patch (keep); JK's Riften Outskirts Patch Collection2 (keep),,,yes,,JK's Riften Outskirts Patch Collection
2662,JKs Solitude Outskirts - Grand Solitude patch.esp,JKs Solitude Outskirts,JK's Solitude Outskirts Patch Collection3 (keep),,,,,
2696,JKs Solitude Outskirts - 3DNPC patch.esp,JKs Solitude Outskirts,JK's Solitude Outskirts Patch Collection3 (keep),,,yes,,JK's Solitude Outskirts - Patch Collection
2700,JKs Solitude Outskirts - A Cats Life patch.esp,JKs Solitude Outskirts,JK's Solitude Outskirts Patch Collection3 (keep),,,yes,,JK's Solitude Outskirts - Patch Collection
2702,JKs Solitude Outskirts - Dwueth'Var patch.esp,JKs Solitude Outskirts,JK's Solitude Outskirts Patch Collection3 (keep),,,yes,,JK's Solitude Outskirts - Patch Collection
2703,JKs Solitude Outskirts - LOTD patch.esp,JKs Solitude Outskirts,JK's Solitude Outskirts Patch Collection3 (keep),,,yes,,JK's Solitude Outskirts - Patch Collection
2704,JKs Solitude Outskirts - Midwood Isle patch.esp,JKs Solitude Outskirts,JK's Solitude Outskirts Patch Collection3 (keep),,,yes,,JK's Solitude Outskirts - Patch Collection
2706,JKs Solitude Outskirts - DK Nord Ships patch.esp,JKs Solitude Outskirts,JK's Solitude Outskirts Patch Collection3 (keep),,,,,
2710,JKs Solitude Outskirts - Grand Solitude + LFFGM patch.esp,JKs Solitude Outskirts,JK's Solitude Outskirts Patch Collection3 (keep),,,,,
2719,Solitude StatueGaiusMucius.esp,Solitude StatueGaiusMucius,,,,yes,,Solitude Statues AIO
2721,Solitude StatueJason.esp,Solitude StatueJason,,,,yes,,Solitude Statues AIO
2731,JKs Raven Rock - Better Dynamic Ash patch.esp,JKs Raven Rock,JK's Raven Rock Patch Collection2 (keep),,,,,
2732,JKs Raven Rock - Clockwork patch.esp,JKs Raven Rock,JK's Raven Rock Patch Collection2 (keep),,,,,
2733,JKs Raven Rock - LotD patch.esp,JKs Raven Rock,JK's Raven Rock Patch Collection2 (keep),,,,,
2734,JKs Raven Rock - Sunhelm patch.esp,JKs Raven Rock,JK's Raven Rock Patch Collection2 (keep),,,,,
2735,JKs Raven Rock - TSR patch.esp,JKs Raven Rock,JK's Raven Rock Patch Collection2 (keep),,,,,
2738,JKs Raven Rock - DK Nord Ships patch.esp,JKs Raven Rock,JK's Raven Rock Patch Collection2 (keep),,,,,
2744,JKs Tel Mithryn - Konahrik Accoutrements patch.esp,JKs Tel Mithryn,JK's Tel Mithryn Patch Collection2 (keep),,,,,
2745,JKs Tel Mithryn - TSR patch.esp,JKs Tel Mithryn,JK's Tel Mithryn Patch Collection2 (keep),,,,,
2767,Occ_Skyrim_City-Entrances-Overhaul-Windhelm_patch.esp,Occ,Occiglacies (Crafting Fix) (keep); Lux - HAG - Occult Orphan Rock Patch (keep); Project AHO - CC Ghost of the tribunal Consistency Patch (keep),,,,,
2768,Occ_Skyrim_JKs Windhelm Outskirts - CEO Windhelm_patch.esp,Occ_Skyrim_JKs Windhelm Outskirts,,,,,,
2769,JKs Windhelm Outskirts - 3DNPC patch.esp,JKs Windhelm Outskirts,JK's Windhelm Outskirts Patch Collection2 (keep); Ancient Land - JK's Windhelm Outskirts patch (download),,,yes,,JK's Windhelm Outskirts Patch Collection
2773,JKs Windhelm Outskirts - DK Nord Ships patch.esp,JKs Windhelm Outskirts,JK's Windhelm Outskirts Patch Collection2 (keep); Ancient Land - JK's Windhelm Outskirts patch (download),,,,,
2775,JKs Windhelm Outskirts - Skyrim Sewers patch.esp,JKs Windhelm Outskirts,JK's Windhelm Outskirts Patch Collection2 (keep); Ancient Land - JK's Windhelm Outskirts patch (download),,,yes,,JK's Windhelm Outskirts Patch Collection
2784,Occ_Skyrim_COTN-Dawnstar_patch.esp,Occ,Occiglacies (Crafting Fix) (keep); Lux - HAG - Occult Orphan Rock Patch (keep); Project AHO - CC Ghost of the tribunal Consistency Patch (keep),,,,,
2787,COTN Dawnstar - 3DNPC Patch.esp,COTN Dawnstar,COTN Dawnstar Patch Collection2 (keep); Breaking Dawn Cottage - A COTN Dawnstar Addon - Lux Patch (keep),,,,,
2788,COTN Dawnstar - Additional Hearthfire Dolls Patch.esp,COTN Dawnstar,COTN Dawnstar Patch Collection2 (keep); Breaking Dawn Cottage - A COTN Dawnstar Addon - Lux Patch (keep),,,,,
2790,COTN Dawnstar - Amulets of Skyrim Patch.esp,COTN Dawnstar,COTN Dawnstar Patch Collection2 (keep); Breaking Dawn Cottage - A COTN Dawnstar Addon - Lux Patch (keep),,,,,
2791,COTN Dawnstar - AYOP TG patch.esp,COTN Dawnstar,COTN Dawnstar Patch Collection2 (keep); Breaking Dawn Cottage - A COTN Dawnstar Addon - Lux Patch (keep),,,,,
2792,COTN Dawnstar - BGCollectables Patch.esp,COTN Dawnstar,COTN Dawnstar Patch Collection2 (keep); Breaking Dawn Cottage - A COTN Dawnstar Addon - Lux Patch (keep),,,,,
2793,COTN Dawnstar - Cheesemod Patch.esp,COTN Dawnstar,COTN Dawnstar Patch Collection2 (keep); Breaking Dawn Cottage - A COTN Dawnstar Addon - Lux Patch (keep),,,,,
2794,COTN Dawnstar - Citizens of Tamriel Patch.esp,COTN Dawnstar,COTN Dawnstar Patch Collection2 (keep); Breaking Dawn Cottage - A COTN Dawnstar Addon - Lux Patch (keep),,,,,
2795,COTN Dawnstar - Cloaks of Skyrim Patch.esp,COTN Dawnstar,COTN Dawnstar Patch Collection2 (keep); Breaking Dawn Cottage - A COTN Dawnstar Addon - Lux Patch (keep),,,,,
2796,COTN Dawnstar - Clockwork Patch.esp,COTN Dawnstar,COTN Dawnstar Patch Collection2 (keep); Breaking Dawn Cottage - A COTN Dawnstar Addon - Lux Patch (keep),,,,,
2797,COTN Dawnstar - Legacy of the Dragonborn patch.esp,COTN Dawnstar,COTN Dawnstar Patch Collection2 (keep); Breaking Dawn Cottage - A COTN Dawnstar Addon - Lux Patch (keep),,,,,
2798,COTN Dawnstar - Skyrim Unique Drinks Patch.esp,COTN Dawnstar,COTN Dawnstar Patch Collection2 (keep); Breaking Dawn Cottage - A COTN Dawnstar Addon - Lux Patch (keep),,,,,
2799,COTN Dawnstar - SkyrimsUniqueTreasures Patch.esp,COTN Dawnstar,COTN Dawnstar Patch Collection2 (keep); Breaking Dawn Cottage - A COTN Dawnstar Addon - Lux Patch (keep),,,,,
2801,Snazzy Black Briar Lodge - Cheesemod patch.esp,Snazzy Black Briar Lodge,,,,,,
2803,Snazzy Black Briar Lodge - LotD patch.esp,Snazzy Black Briar Lodge,,,,,,
2804,Snazzy Black Briar Lodge - SUT patch.esp,Snazzy Black Briar Lodge,,,,,,
2805,Snazzy Drelas Cottage - 3DNPC patch.esp,Snazzy Drelas Cottage,,,,,,
2806,Snazzy Honningbrew Meadery - Cheesemod patch.esp,Snazzy Honningbrew Meadery,,,,,,
2807,Snazzy Interiors - Darkwater Crossing Verner and Annekke's House - TGC - Cheesemod patch.esp,Snazzy Interiors,Snazzy Interiors Patch Collection2 (keep),,,,,
2809,Snazzy Interiors - Frostfruit Inn - 3DNPC patch.esp,Snazzy Interiors,Snazzy Interiors Patch Collection2 (keep),,,,,
2810,Snazzy Interiors - Frostfruit Inn - A Cats Life patch.esp,Snazzy Interiors,Snazzy Interiors Patch Collection2 (keep),,,,,
2813,Snazzy Interiors - Frostfruit Inn - Cheesemod patch.esp,Snazzy Interiors,Snazzy Interiors Patch Collection2 (keep),,,,,
2815,Snazzy Interiors - Frostfruit Inn - LotD patch.esp,Snazzy Interiors,Snazzy Interiors Patch Collection2 (keep),,,,,
2816,Snazzy Interiors - Frostfruit Inn - SUDs patch.esp,Snazzy Interiors,Snazzy Interiors Patch Collection2 (keep),,,,,
2817,Snazzy Interiors - JKs Palace of the Kings - 3DNPC patch.esp,Snazzy Interiors,Snazzy Interiors Patch Collection2 (keep),,,,,
2818,Snazzy Interiors - JKs Palace of the Kings - Amulets of Skyrim patch.esp,Snazzy Interiors,Snazzy Interiors Patch Collection2 (keep),,,,,
2819,Snazzy Interiors - JKs Palace of the Kings - AYOP TG patch.esp,Snazzy Interiors,Snazzy Interiors Patch Collection2 (keep),,,,,
2820,Snazzy Interiors - JKs Palace of the Kings - Cheesemod patch.esp,Snazzy Interiors,Snazzy Interiors Patch Collection2 (keep),,,,,
2821,Snazzy Interiors - JKs Palace of the Kings - Citizens of Tamriel patch.esp,Snazzy Interiors,Snazzy Interiors Patch Collection2 (keep),,,,,
2822,Snazzy Interiors - JKs Palace of the Kings - Cloaks of Skyrim patch.esp,Snazzy Interiors,Snazzy Interiors Patch Collection2 (keep),,,,,
2823,Snazzy Interiors - JKs Palace of the Kings - CRF patch.esp,Snazzy Interiors,Snazzy Interiors Patch Collection2 (keep),,,,,
2825,Snazzy Interiors - JKs Palace of the Kings - Skyrim Sewers patch.esp,Snazzy Interiors,Snazzy Interiors Patch Collection2 (keep),,,,,
2828,Snazzy Interiors - Kynesgrove Braidwood Inn - 3DNPC patch.esp,Snazzy Interiors,Snazzy Interiors Patch Collection2 (keep),,,,,
2831,Snazzy Interiors - Kynesgrove Braidwood Inn - Cheesemod patch.esp,Snazzy Interiors,Snazzy Interiors Patch Collection2 (keep),,,,,
2834,Snazzy Interiors - Kynesgrove Braidwood Inn - LotD patch.esp,Snazzy Interiors,Snazzy Interiors Patch Collection2 (keep),,,,,
2835,Snazzy Interiors - Kynesgrove Braidwood Inn - SUDs patch.esp,Snazzy Interiors,Snazzy Interiors Patch Collection2 (keep),,,,,
2836,Snazzy Interiors - Markarth AIO - 3DNPC patch.esp,Snazzy Interiors,Snazzy Interiors Patch Collection2 (keep),,,,,
2837,Snazzy Interiors - Markarth AIO - Additional Hearthfire Dolls patch.esp,Snazzy Interiors,Snazzy Interiors Patch Collection2 (keep),,,,,
2838,Snazzy Interiors - Markarth AIO - AYOP TG patch.esp,Snazzy Interiors,Snazzy Interiors Patch Collection2 (keep),,,,,
2839,Snazzy Interiors - Markarth AIO - BGCollectables patch.esp,Snazzy Interiors,Snazzy Interiors Patch Collection2 (keep),,,,,
2840,Snazzy Interiors - Markarth AIO - Cheesemod patch.esp,Snazzy Interiors,Snazzy Interiors Patch Collection2 (keep),,,,,
2841,Snazzy Interiors - Markarth AIO - Cloaks of Skyrim patch.esp,Snazzy Interiors,Snazzy Interiors Patch Collection2 (keep),,,,,
2843,Snazzy Interiors - Markarth AIO - Forgotten in History patch.esp,Snazzy Interiors,Snazzy Interiors Patch Collection2 (keep),,,,,
2844,Snazzy Interiors - Markarth AIO - LotD patch.esp,Snazzy Interiors,Snazzy Interiors Patch Collection2 (keep),,,,,
2846,Snazzy Interiors - Markarth AIO - SUT patch.esp,Snazzy Interiors,Snazzy Interiors Patch Collection2 (keep),,,,,
2847,Snazzy Interiors - Markarth AIO - WACCF patch.esp,Snazzy Interiors,Snazzy Interiors Patch Collection2 (keep),,,,,
2848,Snazzy Interiors - Morthal AIO - 3DNPC patch.esp,Snazzy Interiors,Snazzy Interiors Patch Collection2 (keep),,,,,
2850,Snazzy Interiors - Morthal AIO - AYOP TG patch.esp,Snazzy Interiors,Snazzy Interiors Patch Collection2 (keep),,,,,
2851,Snazzy Interiors - Morthal AIO - Cheesemod patch.esp,Snazzy Interiors,Snazzy Interiors Patch Collection2 (keep),,,,,
2852,Snazzy Interiors - Morthal AIO - Citizens of Tamriel patch.esp,Snazzy Interiors,Snazzy Interiors Patch Collection2 (keep),,,,,
2853,Snazzy Interiors - Morthal AIO - LotD patch.esp,Snazzy Interiors,Snazzy Interiors Patch Collection2 (keep),,,,,
2854,Snazzy Interiors - Morthal AIO - SUT patch.esp,Snazzy Interiors,Snazzy Interiors Patch Collection2 (keep),,,,,
2858,Snazzy Interiors - Raven Rock AIO - LotD patch.esp,Snazzy Interiors,Snazzy Interiors Patch Collection2 (keep),,,,,
2859,Snazzy Interiors - Raven Rock AIO - SDA patch.esp,Snazzy Interiors,Snazzy Interiors Patch Collection2 (keep),,,,,
2860,Snazzy Interiors - Raven Rock AIO - SUDs patch.esp,Snazzy Interiors,Snazzy Interiors Patch Collection2 (keep),,,,,
2861,Snazzy Interiors - Raven Rock AIO - TSR patch.esp,Snazzy Interiors,Snazzy Interiors Patch Collection2 (keep),,,,,
2867,Snazzy Interiors - Riften AIO - 3DNPC patch.esp,Snazzy Interiors,Snazzy Interiors Patch Collection2 (keep),,,,,
2868,Snazzy Interiors - Riften AIO - Amulets of Skyrim patch.esp,Snazzy Interiors,Snazzy Interiors Patch Collection2 (keep),,,,,
2869,Snazzy Interiors - Riften AIO - Cheesemod patch.esp,Snazzy Interiors,Snazzy Interiors Patch Collection2 (keep),,,,,
2871,Snazzy Interiors - Riften AIO - LotD patch.esp,Snazzy Interiors,Snazzy Interiors Patch Collection2 (keep),,,,,
2872,Snazzy Interiors - Riften AIO - Navigator patch.esp,Snazzy Interiors,Snazzy Interiors Patch Collection2 (keep),,,,,
2873,Snazzy Interiors - Riften AIO - Oblivion Artifacts patch.esp,Snazzy Interiors,Snazzy Interiors Patch Collection2 (keep),,,,,
2874,Snazzy Interiors - Riften AIO - SUT patch.esp,Snazzy Interiors,Snazzy Interiors Patch Collection2 (keep),,,,,
2875,Snazzy Interiors - Riften AIO - WACCF patch.esp,Snazzy Interiors,Snazzy Interiors Patch Collection2 (keep),,,,,
2876,Snazzy Interiors - Rorik's Manor - Cheesemod patch.esp,Snazzy Interiors,Snazzy Interiors Patch Collection2 (keep),,,,,
2877,Snazzy Interiors - Sarethi Farm - 3DNPC patch.esp,Snazzy Interiors,Snazzy Interiors Patch Collection2 (keep),,,,,
2878,Snazzy Interiors - Sarethi Farm - AYOP TG patch.esp,Snazzy Interiors,Snazzy Interiors Patch Collection2 (keep),,,,,
2879,Snazzy Interiors - Sarethi Farm - Cheesemod patch.esp,Snazzy Interiors,Snazzy Interiors Patch Collection2 (keep),,,,,
2880,Snazzy Interiors - Sarethi Farm - SUT patch.esp,Snazzy Interiors,Snazzy Interiors Patch Collection2 (keep),,,,,
2882,Medieval Markets - Grand Solitude Patch.esp,Medieval Markets,Medieval Markets - Vergis Winery Patch (keep); Medieval Markets - Patches Collection3 (keep); Medieval Markets - Whiterun Fixes - USSEP Patch (keep),,,,,
2883,Snazzy Interiors - Solitude AIO - Additional Hearthfire Dolls patch.esp,Snazzy Interiors,Snazzy Interiors Patch Collection2 (keep),,,,,
2885,Snazzy Interiors - Solitude AIO - Amulets of Skyrim patch.esp,Snazzy Interiors,Snazzy Interiors Patch Collection2 (keep),,,,,
2887,Snazzy Interiors - Solitude AIO - Cheesemod patch.esp,Snazzy Interiors,Snazzy Interiors Patch Collection2 (keep),,,,,
2890,Snazzy Interiors - Solitude AIO - LotD patch.esp,Snazzy Interiors,Snazzy Interiors Patch Collection2 (keep),,,,,
2891,Snazzy Interiors - Solitude AIO - SUT patch.esp,Snazzy Interiors,Snazzy Interiors Patch Collection2 (keep),,,,,
2898,Snazzy Interiors - Whiterun AIO - Cheesemod patch.esp,Snazzy Interiors,Snazzy Interiors Patch Collection2 (keep),,,,,
2901,Snazzy Interiors - Whiterun AIO - Oblivion Artifacts patch.esp,Snazzy Interiors,Snazzy Interiors Patch Collection2 (keep),,,,,
2902,Snazzy Interiors - Whiterun AIO - SUT patch.esp,Snazzy Interiors,Snazzy Interiors Patch Collection2 (keep),,,,,
2904,Snazzy Interiors - Windhelm AIO - 3DNPC patch.esp,Snazzy Interiors,Snazzy Interiors Patch Collection2 (keep),,,,,
2905,Nature of the Wild Lands - Animation Plugin.esp,Nature of the Wild Lands,Dynamic Wind - Nature Of The Wild Lands Patch (download); Orc Exiles - Bilegulch Stronghold - Nature of The Wild Lands Patch (keep); Double Life - Anises Cabin Overhaul - Nature of the Wild Lands Patch (keep),,,,,
2906,NotWL - Autumn Rift Animated.esp,NotWL,A Meeko's Shack Overhaul Fixes - NOTWL Patch (keep); Nature's Respite Fixes - NOTWL Patch (keep),,,,,
2908,Snazzy Interiors - Windhelm AIO - AYOP TG patch.esp,Snazzy Interiors,Snazzy Interiors Patch Collection2 (keep),,,,,
2909,Snazzy Interiors - Windhelm AIO - Cheesemod patch.esp,Snazzy Interiors,Snazzy Interiors Patch Collection2 (keep),,,,,
2911,Snazzy Interiors - Windhelm AIO - CRF patch.esp,Snazzy Interiors,Snazzy Interiors Patch Collection2 (keep),,,,,
2913,Snazzy Interiors - Windhelm AIO - LotD patch.esp,Snazzy Interiors,Snazzy Interiors Patch Collection2 (keep),,,,,
2915,Snazzy Interiors - Windhelm AIO - SUT patch.esp,Snazzy Interiors,Snazzy Interiors Patch Collection2 (keep),,,,,
2916,COTN Dawnstar - Snazzy Interiors - Dawnstar AIO + 3DNPC patch.esp,COTN Dawnstar,COTN Dawnstar Patch Collection2 (keep); Breaking Dawn Cottage - A COTN Dawnstar Addon - Lux Patch (keep),,,,,
2917,COTN Dawnstar - Snazzy Interiors - Dawnstar AIO + Additional Hearthfire Dolls patch.esp,COTN Dawnstar,COTN Dawnstar Patch Collection2 (keep); Breaking Dawn Cottage - A COTN Dawnstar Addon - Lux Patch (keep),,,,,
2919,COTN Dawnstar - Snazzy Interiors - Dawnstar AIO + Amulets of Skyrim patch.esp,COTN Dawnstar,COTN Dawnstar Patch Collection2 (keep); Breaking Dawn Cottage - A COTN Dawnstar Addon - Lux Patch (keep),,,,,
2920,COTN Dawnstar - Snazzy Interiors - Dawnstar AIO + AYOP TG patch.esp,COTN Dawnstar,COTN Dawnstar Patch Collection2 (keep); Breaking Dawn Cottage - A COTN Dawnstar Addon - Lux Patch (keep),,,,,
2921,COTN Dawnstar - Snazzy Interiors - Dawnstar AIO + Kozakowy MDP Outfit (ESL) patch.esp,COTN Dawnstar,COTN Dawnstar Patch Collection2 (keep); Breaking Dawn Cottage - A COTN Dawnstar Addon - Lux Patch (keep),,,,,
2922,COTN Dawnstar - Snazzy Interiors - Dawnstar AIO + LotD patch.esp,COTN Dawnstar,COTN Dawnstar Patch Collection2 (keep); Breaking Dawn Cottage - A COTN Dawnstar Addon - Lux Patch (keep),,,,,
2923,COTN Dawnstar - Snazzy Interiors - Dawnstar AIO + SUT patch.esp,COTN Dawnstar,COTN Dawnstar Patch Collection2 (keep); Breaking Dawn Cottage - A COTN Dawnstar Addon - Lux Patch (keep),,,,,
2924,COTN Dawnstar - Wintersun Patch.esp,COTN Dawnstar,COTN Dawnstar Patch Collection2 (keep); Breaking Dawn Cottage - A COTN Dawnstar Addon - Lux Patch (keep),,,,,
2925,COTN Dawnstar - Snazzy Interiors - Dawnstar AIO + Cheesemod patch.esp,COTN Dawnstar,COTN Dawnstar Patch Collection2 (keep); Breaking Dawn Cottage - A COTN Dawnstar Addon - Lux Patch (keep),,,,,
2930,COTN Dawnstar - Nord Ships Patch.esp,COTN Dawnstar,COTN Dawnstar Patch Collection2 (keep); Breaking Dawn Cottage - A COTN Dawnstar Addon - Lux Patch (keep),,,,,
2939,COTN Falkreath - 3DNPC Patch.esp,COTN Falkreath,Eclipse Cottage - A COTN Falkreath Addon - Lux Patch (keep),,,,,
2940,COTN Falkreath - A Cats Life patch.esp,COTN Falkreath,Eclipse Cottage - A COTN Falkreath Addon - Lux Patch (keep),,,,,
2941,COTN Falkreath - Additional Hearthfire Dolls Patch.esp,COTN Falkreath,Eclipse Cottage - A COTN Falkreath Addon - Lux Patch (keep),,,,,
2943,COTN Falkreath - Amulets of Skyrim Patch.esp,COTN Falkreath,Eclipse Cottage - A COTN Falkreath Addon - Lux Patch (keep),,,,,
2944,COTN Falkreath - AYOP TG patch.esp,COTN Falkreath,Eclipse Cottage - A COTN Falkreath Addon - Lux Patch (keep),,,,,
2945,COTN Falkreath - BGCollectables Patch.esp,COTN Falkreath,Eclipse Cottage - A COTN Falkreath Addon - Lux Patch (keep),,,,,
2946,COTN Falkreath - Cheesemod Patch.esp,COTN Falkreath,Eclipse Cottage - A COTN Falkreath Addon - Lux Patch (keep),,,,,
2947,COTN Falkreath - Cloaks Patch.esp,COTN Falkreath,Eclipse Cottage - A COTN Falkreath Addon - Lux Patch (keep),,,,,
2948,COTN Falkreath - Clockwork Patch.esp,COTN Falkreath,Eclipse Cottage - A COTN Falkreath Addon - Lux Patch (keep),,,,,
2949,COTN Falkreath - Grass Mods Patch.esp,COTN Falkreath,Eclipse Cottage - A COTN Falkreath Addon - Lux Patch (keep),,,,,
2950,COTN Falkreath - Identity Crisis patch.esp,COTN Falkreath,Eclipse Cottage - A COTN Falkreath Addon - Lux Patch (keep),,,,,
2951,COTN Falkreath - LOTD patch.esp,COTN Falkreath,Eclipse Cottage - A COTN Falkreath Addon - Lux Patch (keep),,,,,
2952,COTN Falkreath - NotWL + Addons patch.esp,COTN Falkreath,Eclipse Cottage - A COTN Falkreath Addon - Lux Patch (keep),,,,,
2953,COTN Falkreath - Skyrim Unique Drinks patch.esp,COTN Falkreath,Eclipse Cottage - A COTN Falkreath Addon - Lux Patch (keep),,,,,
2954,COTN Falkreath - Skyrims Unique Treasures patch.esp,COTN Falkreath,Eclipse Cottage - A COTN Falkreath Addon - Lux Patch (keep),,,,,
2955,COTN Falkreath - Snazzy Interiors Falkreath AIO + Cheesemod patch.esp,COTN Falkreath,Eclipse Cottage - A COTN Falkreath Addon - Lux Patch (keep),,,,,
2956,COTN Falkreath - Snazzy Interiors Falkreath AIO + SUT patch.esp,COTN Falkreath,Eclipse Cottage - A COTN Falkreath Addon - Lux Patch (keep),,,,,
2957,COTN Falkreath Addons.esp,COTN Falkreath Addons,,,,,,
2972,COTN Winterhold - 3DNPC Patch.esp,COTN Winterhold,Diverse Chicken Coops - CoTN Winterhold Patch (download); COTN Winterhold Patch Collection2 (keep),,,,,
2973,COTN Winterhold - AI Overhaul Patch.esp,COTN Winterhold,Diverse Chicken Coops - CoTN Winterhold Patch (download); COTN Winterhold Patch Collection2 (keep),,,,,
2974,COTN Winterhold - Amulets of Skyrim Patch.esp,COTN Winterhold,Diverse Chicken Coops - CoTN Winterhold Patch (download); COTN Winterhold Patch Collection2 (keep),,,,,
2975,COTN Winterhold - BGCollectables Patch.esp,COTN Winterhold,Diverse Chicken Coops - CoTN Winterhold Patch (download); COTN Winterhold Patch Collection2 (keep),,,,,
2976,COTN Winterhold - Cheesemod Patch.esp,COTN Winterhold,Diverse Chicken Coops - CoTN Winterhold Patch (download); COTN Winterhold Patch Collection2 (keep),,,,,
2977,COTN Winterhold - Cloaks Patch.esp,COTN Winterhold,Diverse Chicken Coops - CoTN Winterhold Patch (download); COTN Winterhold Patch Collection2 (keep),,,,,
2978,COTN Winterhold - LOTD Patch.esp,COTN Winterhold,Diverse Chicken Coops - CoTN Winterhold Patch (download); COTN Winterhold Patch Collection2 (keep),,,,,
2979,COTN Winterhold - Midwood Isle Patch.esp,COTN Winterhold,Diverse Chicken Coops - CoTN Winterhold Patch (download); COTN Winterhold Patch Collection2 (keep),,,,,
2980,COTN Winterhold - Skyrim Unique Drinks Patch.esp,COTN Winterhold,Diverse Chicken Coops - CoTN Winterhold Patch (download); COTN Winterhold Patch Collection2 (keep),,,,,
2981,COTN Winterhold - SUT Patch.esp,COTN Winterhold,Diverse Chicken Coops - CoTN Winterhold Patch (download); COTN Winterhold Patch Collection2 (keep),,,,,
2983,TGC Winterhold - 3DNPC patch.esp,TGC Winterhold,,,,yes,,The Great City of Winterhold Patch Collection
2984,TGC Winterhold - AYOP TG Patch.esp,TGC Winterhold,,,,yes,,The Great City of Winterhold Patch Collection
2985,TGC Winterhold - Citizens of Tamriel patch.esp,TGC Winterhold,,,,yes,,The Great City of Winterhold Patch Collection
2986,TGC Winterhold - Clockwork Patch.esp,TGC Winterhold,,,,yes,,The Great City of Winterhold Patch Collection
2987,TGC Winterhold - LOTD patch.esp,TGC Winterhold,,,,yes,,The Great City of Winterhold Patch Collection
2988,TGC Winterhold - Midwood Isle Patch.esp,TGC Winterhold,,,,yes,,The Great City of Winterhold Patch Collection
2989,TGC Winterhold - Skyrim Unique Drinks Patch.esp,TGC Winterhold,,,,yes,,The Great City of Winterhold Patch Collection
2990,TGC Winterhold - Undeath Patch.esp,TGC Winterhold,,,,yes,,The Great City of Winterhold Patch Collection
2991,TGC Winterhold - Wheels of Lull Patch.esp,TGC Winterhold,,,,yes,,The Great City of Winterhold Patch Collection
2994,Riverwood Falls - fallentreesbridgesSSE.esp,Riverwood Falls,,,,,,
2995,Riverwood Falls - Natural Waterfalls.esp,Riverwood Falls,,,,,,
3003,Ivy - Riverwood Well - SunHelm Patch.esp,Ivy,Ivy - Cozy Corner Patch Hub3 (keep); Nature of the Wildlands - Ivy Windmill Patch (keep),,,,,
3009,Faendal Home Overhaul - Nature of the Wild Lands Patch.esp,Faendal Home Overhaul,,,,,,
3010,Faendal Home Overhaul - Embers XD Patch.esp,Faendal Home Overhaul,,,,,,
3012,Faendal Home Overhaul - Gates of Riverwood.esp,Faendal Home Overhaul,,,,,,
3018,Riverwood Timber Rest - Riverwood Smelter Addon Patch.esp,Riverwood Timber Rest,,,,,,
3020,Riverwood Timber Rest - Nature of the WIld Lands Patch.esp,Riverwood Timber Rest,,,,,,
3021,Riverwood Timber Rest - Embers XD Patch.esp,Riverwood Timber Rest,,,,,,
3027,Riverwood Falls - Ivy Riverwood Small Addon.esp,Riverwood Falls,,,,,,
3028,Riverwood Falls - Riverwood Timber Rest.esp,Riverwood Falls,,,,,,
3039,Thuldor's Ivarstead - eFPS.esp,Thuldor's Ivarstead,Thuldor's Ivarstead - Lux Orbis Patch (keep); Thuldor's Ivarstead - Patch Collection2 (keep); Thuldor's Ivarstead - Tweaks and Fixes Navmesh Fix (keep),,,yes,,Thuldor's Ivarstead - Patch Collection
3041,Thuldors Ivarstead - SUDs Patch.esp,Thuldors Ivarstead,Thuldor's Ivarstead - Lux Orbis Patch (keep); Thuldor's Ivarstead - Patch Collection2 (keep); Thuldor's Ivarstead - Tweaks and Fixes Navmesh Fix (keep),,,,,
3042,Thuldor's Ivarstead - 3DNPC.esp,Thuldor's Ivarstead,Thuldor's Ivarstead - Lux Orbis Patch (keep); Thuldor's Ivarstead - Patch Collection2 (keep); Thuldor's Ivarstead - Tweaks and Fixes Navmesh Fix (keep),,,yes,,Thuldor's Ivarstead - Patch Collection
3044,Thuldor's Ivarstead - Cheesemod.esp,Thuldor's Ivarstead,Thuldor's Ivarstead - Lux Orbis Patch (keep); Thuldor's Ivarstead - Patch Collection2 (keep); Thuldor's Ivarstead - Tweaks and Fixes Navmesh Fix (keep),,,yes,,Thuldor's Ivarstead - Patch Collection
3050,Thuldor's Ivarstead - Legacy of the Dragonborn.esp,Thuldor's Ivarstead,Thuldor's Ivarstead - Lux Orbis Patch (keep); Thuldor's Ivarstead - Patch Collection2 (keep); Thuldor's Ivarstead - Tweaks and Fixes Navmesh Fix (keep),,,yes,,Thuldor's Ivarstead - Patch Collection
3056,Thuldor's Ivarstead - Candlehearth.esp,Thuldor's Ivarstead,Thuldor's Ivarstead - Lux Orbis Patch (keep); Thuldor's Ivarstead - Patch Collection2 (keep); Thuldor's Ivarstead - Tweaks and Fixes Navmesh Fix (keep),,,,,
3066,Great Town of Karthwasten - AI Overhaul Patch.esp,Great Town of Karthwasten,The Great Town of Karthwasten Patch Collection2 (keep); The Great Town of Karthwasten - Rob's Bug Fixes (keep),,,,,
3067,Great Town of Karthwasten - Nature of the Wild Lands patch.esp,Great Town of Karthwasten,The Great Town of Karthwasten Patch Collection2 (keep); The Great Town of Karthwasten - Rob's Bug Fixes (keep),,,,,
3077,JKs Riverwood Trader - AYOP TG patch.esp,JKs Riverwood Trader,,,,yes,,JK's Interiors Patch Collection
3078,JKs Riverwood Trader - BGCollectables patch.esp,JKs Riverwood Trader,,,,yes,,JK's Interiors Patch Collection
3086,Great Village of Kynesgrove - AI Overhaul Patch.esp,Great Village of Kynesgrove,The Great Village of Kynesgrove Patch Collection2 (keep),,,,,
3087,Great Village of Kynesgrove - Skyrim Unique Drinks Patch.esp,Great Village of Kynesgrove,The Great Village of Kynesgrove Patch Collection2 (keep),,,,,
3119,Great Town of Shor's Stone - AI Overhaul Patch.esp,Great Town of Shor's Stone,The Great Town of Shor's Stone Patch Collection (keep); The Great Town of Shor's Stone - Rob's Bug Fixes (keep),,,,,
3131,Great Village of Mixwater Mill - Cheesemod Patch.esp,Great Village of Mixwater Mill,The Great Village of Mixwater Mill Patch Collection (keep); The Great Village of Mixwater Mill - 3DNPC Patch (keep),,,yes,,The Great Village of Mixwater Mill Patch Collection
3135,Great Village of Mixwater Mill - Skyrims Unique Treasures Patch.esp,Great Village of Mixwater Mill,The Great Village of Mixwater Mill Patch Collection (keep); The Great Village of Mixwater Mill - 3DNPC Patch (keep),,,yes,,The Great Village of Mixwater Mill Patch Collection
3144,COTN Angas Mill Addon - AYOP TG patch.esp,COTN Angas Mill Addon,,,,yes,,Anga's Mill - Cities of the North Addon Patch Collection
3145,COTN Angas Mill Addon - Cheesemod Patch.esp,COTN Angas Mill Addon,,,,yes,,Anga's Mill - Cities of the North Addon Patch Collection
3151,Half-Moon Mill COTNed - AYOP TG patch.esp,Half-Moon Mill COTNed,,,,yes,,Half-Moon Mill - Cities of the North Addon Patch Collection
3153,Half-Moon Mill COTNed - SUT Patch.esp,Half-Moon Mill COTNed,,,,yes,,Half-Moon Mill - Cities of the North Addon Patch Collection
3156,Orc Strongholds - All In One - EFPS Patch.esp,Orc Strongholds,Lux Orbis - Orc Strongholds AIO Patch (keep); Orc Strongholds - AIO - EFPS Patch (download); Orc Strongholds - AIO - Patches Collection (keep),,,,,
3157,Orc Strongholds - AIO - 3DNPCs Patch.esp,Orc Strongholds,Lux Orbis - Orc Strongholds AIO Patch (keep); Orc Strongholds - AIO - EFPS Patch (download); Orc Strongholds - AIO - Patches Collection (keep),,,,,
3159,Orc Strongholds - AIO - Mihail's Goblins and Riekrs Patch.esp,Orc Strongholds,Lux Orbis - Orc Strongholds AIO Patch (keep); Orc Strongholds - AIO - EFPS Patch (download); Orc Strongholds - AIO - Patches Collection (keep),,,,,
3160,Orc Strongholds - AIO - Mihail's Ogres and Ettins Patch.esp,Orc Strongholds,Lux Orbis - Orc Strongholds AIO Patch (keep); Orc Strongholds - AIO - EFPS Patch (download); Orc Strongholds - AIO - Patches Collection (keep),,,,,
3165,Orc Exiles - Bilegulch - 3DNPCs patch.esp,Orc Exiles,Lux Orbis - Orc Exiles - Rift Watchtower Patch (keep); Orc Exiles - Rift Watchtower - Patches Collection (keep); Orc Exiles - Cracked Tusk - Lawless patch (keep),,,,,
3167,Orc Exiles - Bilegulch - IFD Lydia - 3DNPCs patch.esp,Orc Exiles,Lux Orbis - Orc Exiles - Rift Watchtower Patch (keep); Orc Exiles - Rift Watchtower - Patches Collection (keep); Orc Exiles - Cracked Tusk - Lawless patch (keep),,,,,
3168,Orc Exiles - Bilegulch - IFD Lydia patch.esp,Orc Exiles,Lux Orbis - Orc Exiles - Rift Watchtower Patch (keep); Orc Exiles - Rift Watchtower - Patches Collection (keep); Orc Exiles - Cracked Tusk - Lawless patch (keep),,,,,
3170,Orc Exiles - Bilegulch - Natural Waterfalls patch.esp,Orc Exiles,Lux Orbis - Orc Exiles - Rift Watchtower Patch (keep); Orc Exiles - Rift Watchtower - Patches Collection (keep); Orc Exiles - Cracked Tusk - Lawless patch (keep),,,,,
3171,Orc Exiles - Bilegulch - Ryn's Dragon Mounds patch.esp,Orc Exiles,Lux Orbis - Orc Exiles - Rift Watchtower Patch (keep); Orc Exiles - Rift Watchtower - Patches Collection (keep); Orc Exiles - Cracked Tusk - Lawless patch (keep),,,,,
3172,Orc Exiles - Bilegulch - Ryn's Lost Valley - 3DNPCs patch.esp,Orc Exiles,Lux Orbis - Orc Exiles - Rift Watchtower Patch (keep); Orc Exiles - Rift Watchtower - Patches Collection (keep); Orc Exiles - Cracked Tusk - Lawless patch (keep),,,,,
3180,Orc Exiles - Rift Watchtower - 3DNPCs Patch.esp,Orc Exiles,Lux Orbis - Orc Exiles - Rift Watchtower Patch (keep); Orc Exiles - Rift Watchtower - Patches Collection (keep); Orc Exiles - Cracked Tusk - Lawless patch (keep),,,,,
3202,JKs Bards College - 3DNPC patch.esp,JKs Bards College,,JK's Guild HQ Interiors Patch Collection-61416-1-29-1-1776961309.rar,,yes,,JKs Guild HQ Interiors Patch Collection
3204,JKs Castle Volkihar - SDA patch.esp,JKs Castle Volkihar,,JK's Guild HQ Interiors Patch Collection-61416-1-29-1-1776961309.rar,,,,
3205,JKs Dark Brotherhood Sanctuary - Additional Hearthfire Dolls patch.esp,JKs Dark Brotherhood Sanctuary,,JK's Guild HQ Interiors Patch Collection-61416-1-29-1-1776961309.rar,,,,
3207,JKs Dark Brotherhood Sanctuary - Amulets of Skyrim patch.esp,JKs Dark Brotherhood Sanctuary,,JK's Guild HQ Interiors Patch Collection-61416-1-29-1-1776961309.rar,,,,
3208,JKs Dark Brotherhood Sanctuary - Cheesemod patch.esp,JKs Dark Brotherhood Sanctuary,,JK's Guild HQ Interiors Patch Collection-61416-1-29-1-1776961309.rar,,,,
3209,JKs Dark Brotherhood Sanctuary - Listen DB Radiant Quests patch.esp,JKs Dark Brotherhood Sanctuary,,JK's Guild HQ Interiors Patch Collection-61416-1-29-1-1776961309.rar,,,,
3210,JKs Dark Brotherhood Sanctuary - LOTD patch.esp,JKs Dark Brotherhood Sanctuary,,JK's Guild HQ Interiors Patch Collection-61416-1-29-1-1776961309.rar,,,,
3211,JKs Dark Brotherhood Sanctuary - Man Sithis Statue patch.esp,JKs Dark Brotherhood Sanctuary,,JK's Guild HQ Interiors Patch Collection-61416-1-29-1-1776961309.rar,,,,
3212,JKs Dark Brotherhood Sanctuary - Oblivion Artifacts patch.esp,JKs Dark Brotherhood Sanctuary,,JK's Guild HQ Interiors Patch Collection-61416-1-29-1-1776961309.rar,,,,
3213,JKs Dark Brotherhood Sanctuary - Wintersun patch.esp,JKs Dark Brotherhood Sanctuary,,JK's Guild HQ Interiors Patch Collection-61416-1-29-1-1776961309.rar,,,,
3214,JKs Nightingale Hall - Additional Hearthfire Dolls patch.esp,JKs Nightingale Hall,,JK's Guild HQ Interiors Patch Collection-61416-1-29-1-1776961309.rar,,,,
3215,JKs Nightingale Hall - CRF patch.esp,JKs Nightingale Hall,,JK's Guild HQ Interiors Patch Collection-61416-1-29-1-1776961309.rar,,,,
3216,JKs Thieves Guild - Faction Crossbows patch.esp,JKs Thieves Guild,,JK's Guild HQ Interiors Patch Collection-61416-1-29-1-1776961309.rar,,,,
3217,JKs Thieves Guild - Kozakowys Falka Armor patch.esp,JKs Thieves Guild,,JK's Guild HQ Interiors Patch Collection-61416-1-29-1-1776961309.rar,,,,
3218,JKs Thieves Guild - Oblivion Artifacts patch.esp,JKs Thieves Guild,,JK's Guild HQ Interiors Patch Collection-61416-1-29-1-1776961309.rar,,,,
3219,JKs Thieves Guild - WACCF patch.esp,JKs Thieves Guild,,JK's Guild HQ Interiors Patch Collection-61416-1-29-1-1776961309.rar,,,,
3220,JKs Bards College - AYOP TG patch.esp,JKs Bards College,,JK's Guild HQ Interiors Patch Collection-61416-1-29-1-1776961309.rar,,yes,,JKs Guild HQ Interiors Patch Collection
3221,JKs Bards College - Cheesemod patch.esp,JKs Bards College,,JK's Guild HQ Interiors Patch Collection-61416-1-29-1-1776961309.rar,,yes,,JKs Guild HQ Interiors Patch Collection
3222,JKs Bards College - Citizens Complete patch.esp,JKs Bards College,,JK's Guild HQ Interiors Patch Collection-61416-1-29-1-1776961309.rar,,yes,,JKs Guild HQ Interiors Patch Collection
3223,JKs Bards College - LOTD patch.esp,JKs Bards College,,JK's Guild HQ Interiors Patch Collection-61416-1-29-1-1776961309.rar,,yes,,JKs Guild HQ Interiors Patch Collection
3224,JKs Bards College - Oblivion Artifacts patch.esp,JKs Bards College,,JK's Guild HQ Interiors Patch Collection-61416-1-29-1-1776961309.rar,,yes,,JKs Guild HQ Interiors Patch Collection
3225,JKs Bards College - Remiel patch.esp,JKs Bards College,,JK's Guild HQ Interiors Patch Collection-61416-1-29-1-1776961309.rar,,yes,,JKs Guild HQ Interiors Patch Collection
3226,JKs Bards College - SUT patch.esp,JKs Bards College,,JK's Guild HQ Interiors Patch Collection-61416-1-29-1-1776961309.rar,,yes,,JKs Guild HQ Interiors Patch Collection
3227,Ryn's Whiterun City Limits - Ancient Land Patch.esp,Ryn's Whiterun City Limits,Ryn's Whiterun City Limits - Patch Collection (download),Tiny Patch Hub-62050-2-5-1-1771141620.7z,,,,
3231,JKs Bards College - Undeath - Sewers Patch.esp,JKs Bards College,,JK's Guild HQ Interiors Patch Collection-61416-1-29-1-1776961309.rar,,yes,,JKs Guild HQ Interiors Patch Collection
3233,JKs Castle Dour - 3DNPC patch.esp,JKs Castle Dour,,JK's Guild HQ Interiors Patch Collection-61416-1-29-1-1776961309.rar,,yes,,JKs Guild HQ Interiors Patch Collection
3234,JKs Castle Dour - Additional Hearthfire Dolls patch.esp,JKs Castle Dour,,JK's Guild HQ Interiors Patch Collection-61416-1-29-1-1776961309.rar,,yes,,JKs Guild HQ Interiors Patch Collection
3235,JKs Castle Dour - Cheesemod patch.esp,JKs Castle Dour,,JK's Guild HQ Interiors Patch Collection-61416-1-29-1-1776961309.rar,,yes,,JKs Guild HQ Interiors Patch Collection
3236,JKs Castle Dour - Cloaks of Skyrim patch.esp,JKs Castle Dour,,JK's Guild HQ Interiors Patch Collection-61416-1-29-1-1776961309.rar,,yes,,JKs Guild HQ Interiors Patch Collection
3237,JKs Castle Dour - CRF - Undeath Patch.esp,JKs Castle Dour,,JK's Guild HQ Interiors Patch Collection-61416-1-29-1-1776961309.rar,,yes,,JKs Guild HQ Interiors Patch Collection
3238,JKs Castle Dour - DX Faction Crossbows patch.esp,JKs Castle Dour,,JK's Guild HQ Interiors Patch Collection-61416-1-29-1-1776961309.rar,,yes,,JKs Guild HQ Interiors Patch Collection
3239,JKs Castle Dour - LOTD patch.esp,JKs Castle Dour,,JK's Guild HQ Interiors Patch Collection-61416-1-29-1-1776961309.rar,,yes,,JKs Guild HQ Interiors Patch Collection
3243,JKs Castle Volkihar - DK Nord Ships patch.esp,JKs Castle Volkihar,,JK's Guild HQ Interiors Patch Collection-61416-1-29-1-1776961309.rar,,,,
3246,JKs Castle Volkihar - LOTD patch.esp,JKs Castle Volkihar,,JK's Guild HQ Interiors Patch Collection-61416-1-29-1-1776961309.rar,,yes,,JKs Guild HQ Interiors Patch Collection
3248,JKs Castle Volkihar - WACCF patch.esp,JKs Castle Volkihar,,JK's Guild HQ Interiors Patch Collection-61416-1-29-1-1776961309.rar,,yes,,JKs Guild HQ Interiors Patch Collection
3250,TGCotN Winterhold - Amulets of Skyrim patch.esp,TGCotN Winterhold,,,,,,
3251,TGCotN Winterhold - BGCollectables patch.esp,TGCotN Winterhold,,,,,,
3252,TGCotN Winterhold - Cheesemod patch.esp,TGCotN Winterhold,,,,,,
3253,TGCotN Winterhold - Cloaks of Skyrim patch.esp,TGCotN Winterhold,,,,,,
3254,TGCotN Winterhold - SUT patch.esp,TGCotN Winterhold,,,,,,
3255,JKs College of Winterhold - 3DNPC Patch.esp,JKs College of Winterhold,,JK's Guild HQ Interiors Patch Collection-61416-1-29-1-1776961309.rar,,yes,,JKs Guild HQ Interiors Patch Collection
3256,JKs College of Winterhold - ACE Patch.esp,JKs College of Winterhold,,JK's Guild HQ Interiors Patch Collection-61416-1-29-1-1776961309.rar,,yes,,JKs Guild HQ Interiors Patch Collection
3258,JKs College of Winterhold - Amulets of Skyrim patch.esp,JKs College of Winterhold,,JK's Guild HQ Interiors Patch Collection-61416-1-29-1-1776961309.rar,,yes,,JKs Guild HQ Interiors Patch Collection
3259,JKs College of Winterhold - Cheesemod patch.esp,JKs College of Winterhold,,JK's Guild HQ Interiors Patch Collection-61416-1-29-1-1776961309.rar,,yes,,JKs Guild HQ Interiors Patch Collection
3260,JKs College of Winterhold - Cloaks Patch.esp,JKs College of Winterhold,,JK's Guild HQ Interiors Patch Collection-61416-1-29-1-1776961309.rar,,yes,,JKs Guild HQ Interiors Patch Collection
3261,JKs College of Winterhold - CRF Patch.esp,JKs College of Winterhold,,JK's Guild HQ Interiors Patch Collection-61416-1-29-1-1776961309.rar,,yes,,JKs Guild HQ Interiors Patch Collection
3262,JKs College of Winterhold - Dwueth Var Patch.esp,JKs College of Winterhold,,JK's Guild HQ Interiors Patch Collection-61416-1-29-1-1776961309.rar,,yes,,JKs Guild HQ Interiors Patch Collection
3263,JKs College of Winterhold - Konahrik Accoutrements patch.esp,JKs College of Winterhold,,JK's Guild HQ Interiors Patch Collection-61416-1-29-1-1776961309.rar,,yes,,JKs Guild HQ Interiors Patch Collection
3264,JKs College of Winterhold - LOTD Patch.esp,JKs College of Winterhold,,JK's Guild HQ Interiors Patch Collection-61416-1-29-1-1776961309.rar,,yes,,JKs Guild HQ Interiors Patch Collection
3265,JKs College of Winterhold - Remiel patch.esp,JKs College of Winterhold,,JK's Guild HQ Interiors Patch Collection-61416-1-29-1-1776961309.rar,,yes,,JKs Guild HQ Interiors Patch Collection
3266,JKs College of Winterhold - SUT Patch.esp,JKs College of Winterhold,,JK's Guild HQ Interiors Patch Collection-61416-1-29-1-1776961309.rar,,yes,,JKs Guild HQ Interiors Patch Collection
3267,JKs College of Winterhold - Tools of Kagrenac Patch.esp,JKs College of Winterhold,,JK's Guild HQ Interiors Patch Collection-61416-1-29-1-1776961309.rar,,yes,,JKs Guild HQ Interiors Patch Collection
3268,JKs College of Winterhold - WACCF patch.esp,JKs College of Winterhold,,JK's Guild HQ Interiors Patch Collection-61416-1-29-1-1776961309.rar,,yes,,JKs Guild HQ Interiors Patch Collection
3270,JKs Fort Dawnguard - Cloaks of Dawnguard patch.esp,JKs Fort Dawnguard,JK's Fort Dawnguard - SDA Patch (download),JK's Guild HQ Interiors Patch Collection-61416-1-29-1-1776961309.rar,,yes,,JKs Guild HQ Interiors Patch Collection
3271,JKs Fort Dawnguard - Dawnguard Arsenal patch.esp,JKs Fort Dawnguard,JK's Fort Dawnguard - SDA Patch (download),JK's Guild HQ Interiors Patch Collection-61416-1-29-1-1776961309.rar,,yes,,JKs Guild HQ Interiors Patch Collection
3274,JKs Fort Dawnguard - RDO patch.esp,JKs Fort Dawnguard,JK's Fort Dawnguard - SDA Patch (download),JK's Guild HQ Interiors Patch Collection-61416-1-29-1-1776961309.rar,,yes,,JKs Guild HQ Interiors Patch Collection
3275,JKs Fort Dawnguard - WACCF patch.esp,JKs Fort Dawnguard,JK's Fort Dawnguard - SDA Patch (download),JK's Guild HQ Interiors Patch Collection-61416-1-29-1-1776961309.rar,,yes,,JKs Guild HQ Interiors Patch Collection
3276,JKs High Hrothgar - Additional Hearthfire Dolls Patch.esp,JKs High Hrothgar,Kynareth - My patches SE by Xtudo - JK's High Hrothgar (keep),JK's Guild HQ Interiors Patch Collection-61416-1-29-1-1776961309.rar,,yes,,JKs Guild HQ Interiors Patch Collection
3277,JKs High Hrothgar - Amulets of Skyrim patch.esp,JKs High Hrothgar,Kynareth - My patches SE by Xtudo - JK's High Hrothgar (keep),JK's Guild HQ Interiors Patch Collection-61416-1-29-1-1776961309.rar,,yes,,JKs Guild HQ Interiors Patch Collection
3278,JKs High Hrothgar - Cheesemod patch.esp,JKs High Hrothgar,Kynareth - My patches SE by Xtudo - JK's High Hrothgar (keep),JK's Guild HQ Interiors Patch Collection-61416-1-29-1-1776961309.rar,,yes,,JKs Guild HQ Interiors Patch Collection
3279,JKs High Hrothgar - Cloaks of Skyrim patch.esp,JKs High Hrothgar,Kynareth - My patches SE by Xtudo - JK's High Hrothgar (keep),JK's Guild HQ Interiors Patch Collection-61416-1-29-1-1776961309.rar,,yes,,JKs Guild HQ Interiors Patch Collection
3281,JKs High Hrothgar - LOTD Patch.esp,JKs High Hrothgar,Kynareth - My patches SE by Xtudo - JK's High Hrothgar (keep),JK's Guild HQ Interiors Patch Collection-61416-1-29-1-1776961309.rar,,yes,,JKs Guild HQ Interiors Patch Collection
3282,JKs High Hrothgar - Thunderchild patch.esp,JKs High Hrothgar,Kynareth - My patches SE by Xtudo - JK's High Hrothgar (keep),JK's Guild HQ Interiors Patch Collection-61416-1-29-1-1776961309.rar,,yes,,JKs Guild HQ Interiors Patch Collection
3283,JKs Jorrvaskr - AI Overhaul Patch.esp,JKs Jorrvaskr,,JK's Guild HQ Interiors Patch Collection-61416-1-29-1-1776961309.rar,,yes,,JKs Guild HQ Interiors Patch Collection
3284,JKs Jorrvaskr - Amulets of Skyrim patch.esp,JKs Jorrvaskr,,JK's Guild HQ Interiors Patch Collection-61416-1-29-1-1776961309.rar,,yes,,JKs Guild HQ Interiors Patch Collection
3285,JKs Jorrvaskr - Bears of the North patch.esp,JKs Jorrvaskr,,JK's Guild HQ Interiors Patch Collection-61416-1-29-1-1776961309.rar,,yes,,JKs Guild HQ Interiors Patch Collection
3286,JKs Jorrvaskr - Cheesemod patch.esp,JKs Jorrvaskr,,JK's Guild HQ Interiors Patch Collection-61416-1-29-1-1776961309.rar,,yes,,JKs Guild HQ Interiors Patch Collection
3287,JKs Jorrvaskr - LOTD patch.esp,JKs Jorrvaskr,,JK's Guild HQ Interiors Patch Collection-61416-1-29-1-1776961309.rar,,yes,,JKs Guild HQ Interiors Patch Collection
3288,JKs Jorrvaskr - Skyrim Sewers Patch.esp,JKs Jorrvaskr,,JK's Guild HQ Interiors Patch Collection-61416-1-29-1-1776961309.rar,,yes,,JKs Guild HQ Interiors Patch Collection
3289,Snazzy Interiors - Windhelm AIO - WACCF patch.esp,Snazzy Interiors,Snazzy Interiors Patch Collection2 (keep),,,,,
3290,JKs Jorrvaskr - WACCF Patch.esp,JKs Jorrvaskr,,JK's Guild HQ Interiors Patch Collection-61416-1-29-1-1776961309.rar,,yes,,JKs Guild HQ Interiors Patch Collection
3291,JKs Sky Haven Temple - 3DNPC Patch.esp,JKs Sky Haven Temple,,JK's Guild HQ Interiors Patch Collection-61416-1-29-1-1776961309.rar,,yes,,JKs Guild HQ Interiors Patch Collection
3292,JKs Sky Haven Temple - Amulets Patch.esp,JKs Sky Haven Temple,,JK's Guild HQ Interiors Patch Collection-61416-1-29-1-1776961309.rar,,yes,,JKs Guild HQ Interiors Patch Collection
3293,JKs Sky Haven Temple - BGCollectables Patch.esp,JKs Sky Haven Temple,,JK's Guild HQ Interiors Patch Collection-61416-1-29-1-1776961309.rar,,yes,,JKs Guild HQ Interiors Patch Collection
3294,JKs Sky Haven Temple - LOTD Patch.esp,JKs Sky Haven Temple,,JK's Guild HQ Interiors Patch Collection-61416-1-29-1-1776961309.rar,,yes,,JKs Guild HQ Interiors Patch Collection
3296,JKs Sky Haven Temple - SUT Patch.esp,JKs Sky Haven Temple,,JK's Guild HQ Interiors Patch Collection-61416-1-29-1-1776961309.rar,,yes,,JKs Guild HQ Interiors Patch Collection
3315,Dunmeri Furniture - 3DNPC patch.esp,Dunmeri Furniture,,,,yes,,Dunmeri Furniture in Gray Quarter
3316,Dunmeri Furniture - LOTD patch.esp,Dunmeri Furniture,,,,yes,,Dunmeri Furniture in Gray Quarter
3338,JKs Arcadias Cauldron - Ashe patch.esp,JKs Arcadias Cauldron,,,,,,
3342,JKs Arnleif and Sons - Cheesemod Patch.esp,JKs Arnleif and Sons,,,,yes,,JK's Interiors Patch Collection
3343,JKs Arnleif and Sons - LOTD Patch.esp,JKs Arnleif and Sons,,,,yes,,JK's Interiors Patch Collection
3345,JKs Arnleif and Sons - SUT Patch.esp,JKs Arnleif and Sons,,,,yes,,JK's Interiors Patch Collection
3346,JKs Arnleif and Sons - Treasure Hunt Patch.esp,JKs Arnleif and Sons,,,,yes,,JK's Interiors Patch Collection
3347,JKs Bannered Mare - Ashe patch.esp,JKs Bannered Mare,,,,,,
3349,JKs Bee and Barb - 3DNPC Patch.esp,JKs Bee and Barb,,,,yes,,JK's Interiors Patch Collection
3351,JKs Bee and Barb - Ashe patch.esp,JKs Bee and Barb,,,,,,
3355,JKs Bits and Pieces - Cheesemod Patch.esp,JKs Bits and Pieces,,,,yes,,JK's Interiors Patch Collection
3356,JKs Bits and Pieces - LOTD Patch.esp,JKs Bits and Pieces,,,,yes,,JK's Interiors Patch Collection
3359,JKs Candlehearth Hall - 3DNPC Patch.esp,JKs Candlehearth Hall,,,,yes,,JK's Interiors Patch Collection
3363,JKs Candlehearth Hall - Skyrim Unique Drinks Patch.esp,JKs Candlehearth Hall,,,,yes,,JK's Interiors Patch Collection
3365,JKs Drunken Huntsman - Skyrim Unique Drinks Patch.esp,JKs Drunken Huntsman,The Green Den - JKs Drunken Huntsman Patch (download),,,yes,,JK's Interiors Patch Collection
3374,JKs Elgrims Elixirs - Cheesemod Patch.esp,JKs Elgrims Elixirs,,,,yes,,JK's Interiors Patch Collection
3375,JKs Elgrims Elixirs - CRF Patch.esp,JKs Elgrims Elixirs,,,,yes,,JK's Interiors Patch Collection
3378,JKs Haelgas Bunkhouse - 3DNPC Patch.esp,JKs Haelgas Bunkhouse,,,,yes,,JK's Interiors Patch Collection
3381,JKs Haelgas Bunkhouse - SDA Patch.esp,JKs Haelgas Bunkhouse,,,,,,
3385,JKs Haelgas Bunkhouse - Solitude and Temple Frescoes patch.esp,JKs Haelgas Bunkhouse,,,,yes,,JK's Interiors Patch Collection
3388,JKs Hags Cure - Cheesemod Patch.esp,JKs Hags Cure,,,,yes,,JK's Interiors Patch Collection
3390,JKs Hags Cure - SUT Patch.esp,JKs Hags Cure,,,,yes,,JK's Interiors Patch Collection
3391,JKs Mistveil Keep - 3DNPC Patch.esp,JKs Mistveil Keep,,,,yes,,JK's Interiors Patch Collection
3393,JKs Mistveil Keep - AYOP TG patch.esp,JKs Mistveil Keep,,,,yes,,JK's Interiors Patch Collection
3394,JKs Mistveil Keep - BGCollectables Patch.esp,JKs Mistveil Keep,,,,yes,,JK's Interiors Patch Collection
3396,JKs New Gnisis Cornerclub - 3DNPC Patch.esp,JKs New Gnisis Cornerclub,,,,yes,,JK's Interiors Patch Collection
3397,JKs New Gnisis Cornerclub - Ashe patch.esp,JKs New Gnisis Cornerclub,,,,,,
3398,JKs New Gnisis Cornerclub - Cheesemod Patch.esp,JKs New Gnisis Cornerclub,,,,yes,,JK's Interiors Patch Collection
3401,JKs New Gnisis Cornerclub - Skyrim Unique Drinks Patch.esp,JKs New Gnisis Cornerclub,,,,yes,,JK's Interiors Patch Collection
3402,JKs Palace of the Kings - AYOP TG patch.esp,JKs Palace of the Kings,,,,yes,,JK's Interiors Patch Collection
3403,JKs Palace of the Kings - BGCollectables Patch.esp,JKs Palace of the Kings,,,,yes,,JK's Interiors Patch Collection
3404,JKs Palace of the Kings - Cheesemod Patch.esp,JKs Palace of the Kings,,,,yes,,JK's Interiors Patch Collection
3406,JKs Palace of the Kings - Cloaks Patch.esp,JKs Palace of the Kings,,,,yes,,JK's Interiors Patch Collection
3407,JKs Palace of the Kings - DX Faction Crossbows patch.esp,JKs Palace of the Kings,,,,yes,,JK's Interiors Patch Collection
3410,JKs Palace of the Kings - Skyrim Sewers Patch.esp,JKs Palace of the Kings,,,,yes,,JK's Interiors Patch Collection
3412,JKs Palace of the Kings - SUT Patch.esp,JKs Palace of the Kings,,,,yes,,JK's Interiors Patch Collection
3414,JKs Pawned Prawn - Cheesemod Patch.esp,JKs Pawned Prawn,,,,yes,,JK's Interiors Patch Collection
3416,JKs Pawned Prawn - LOTD Patch.esp,JKs Pawned Prawn,,,,yes,,JK's Interiors Patch Collection
3418,JKs Pawned Prawn - Store Doorbells patch.esp,JKs Pawned Prawn,,,,yes,,JK's Interiors Patch Collection
3419,JKs Radiant Raiment - 3DNPC Patch.esp,JKs Radiant Raiment,,,,yes,,JK's Interiors Patch Collection
3420,JKs Radiant Raiment - Cloaks Patch.esp,JKs Radiant Raiment,,,,yes,,JK's Interiors Patch Collection
3424,JKs Ragged Flagon - Skyrim Unique Drinks Patch.esp,JKs Ragged Flagon,,,,yes,,JK's Interiors Patch Collection
3425,JKs Ragged Flagon - SUT Patch.esp,JKs Ragged Flagon,,,,yes,,JK's Interiors Patch Collection
3427,JKs Sadris Used Wares - 3DNPC Patch.esp,JKs Sadris Used Wares,,,,yes,,JK's Interiors Patch Collection
3428,JKs Sadris Used Wares - ACE Patch.esp,JKs Sadris Used Wares,,,,yes,,JK's Interiors Patch Collection
3429,JKs Sadris Used Wares - Cheesemod Patch.esp,JKs Sadris Used Wares,,,,yes,,JK's Interiors Patch Collection
3430,JKs Sadris Used Wares - LOTD Patch.esp,JKs Sadris Used Wares,,,,yes,,JK's Interiors Patch Collection
3432,JKs Sadris Used Wares - SUT Patch.esp,JKs Sadris Used Wares,,,,yes,,JK's Interiors Patch Collection
3433,JKs Septimus Signus Outpost - BGCollectables Patch.esp,JKs Septimus Signus Outpost,,,,yes,,JK's Interiors Patch Collection
3434,JKs Septimus Signus Outpost - DK Realistic Nord Ships patch.esp,JKs Septimus Signus Outpost,,,,,,
3435,JKs Septimus Signus Outpost - LOTD Patch.esp,JKs Septimus Signus Outpost,,,,yes,,JK's Interiors Patch Collection
3436,JKs Silver-Blood Inn - 3DNPC Patch.esp,JKs Silver-Blood Inn,,,,yes,,JK's Interiors Patch Collection
3439,JKs Silver-Blood Inn - Ashe patch.esp,JKs Silver-Blood Inn,,,,,,
3442,JKs Silver-Blood Inn - LOTD Patch.esp,JKs Silver-Blood Inn,,,,yes,,JK's Interiors Patch Collection
3443,JKs Silver-Blood Inn - Skyrim Unique Drinks Patch.esp,JKs Silver-Blood Inn,,,,yes,,JK's Interiors Patch Collection
3446,JK's Sinderion - Bury Sinderion Patch.esp,JK's Sinderion,ULPBR - Jk's Sinderion's Field Laboratory Patch (keep),Tiny Patch Hub-62050-2-5-1-1771141620.7z,,,,
3447,JKs Sinderions Field Laboratory - LOTD patch.esp,JKs Sinderions Field Laboratory,ULPBR - Jk's Sinderion's Field Laboratory Patch (keep),,,yes,,JK's Interiors Patch Collection
3449,JKs Temple of Dibella - ACE Patch.esp,JKs Temple of Dibella,,,,yes,,JK's Interiors Patch Collection
3451,JKs Temple of Dibella - Oblivion Artifact Pack Patch.esp,JKs Temple of Dibella,,,,yes,,JK's Interiors Patch Collection
3452,JKs Temple of Dibella - SUT Patch.esp,JKs Temple of Dibella,,,,yes,,JK's Interiors Patch Collection
3453,JKs Temple of Kynareth - 3DNPC patch.esp,JKs Temple of Kynareth,,,,yes,,JK's Interiors Patch Collection
3454,JKs Temple of Kynareth - BGCollectables patch.esp,JKs Temple of Kynareth,,,,yes,,JK's Interiors Patch Collection
3455,JKs Temple of Kynareth - Cheesemod Patch.esp,JKs Temple of Kynareth,,,,yes,,JK's Interiors Patch Collection
3456,JKs Temple of Kynareth - Konahrik Accoutrements patch.esp,JKs Temple of Kynareth,,,,yes,,JK's Interiors Patch Collection
3457,JKs Temple of Kynareth - Oblivion Artifacts patch.esp,JKs Temple of Kynareth,,,,yes,,JK's Interiors Patch Collection
3458,JKs Temple of Kynareth - Solitude and Temple Frescoes patch.esp,JKs Temple of Kynareth,,,,yes,,JK's Interiors Patch Collection
3459,JKs Temple of Kynareth - SUT patch.esp,JKs Temple of Kynareth,,,,yes,,JK's Interiors Patch Collection
3460,JKs Temple of Mara - 3DNPC Patch.esp,JKs Temple of Mara,,,,yes,,JK's Interiors Patch Collection
3463,JKs Temple of Mara - Oblivion Artifacts Patch.esp,JKs Temple of Mara,,,,yes,,JK's Interiors Patch Collection
3465,JKs Temple of Mara - Solitude and Temple Frescoes patch.esp,JKs Temple of Mara,,,,yes,,JK's Interiors Patch Collection
3466,JKs Temple of Mara - SUT Patch.esp,JKs Temple of Mara,,,,yes,,JK's Interiors Patch Collection
3467,JKs Temple of Talos - 3DNPC patch.esp,JKs Temple of Talos,,,,yes,,JK's Interiors Patch Collection
3468,JKs Temple of Talos - ACE Patch.esp,JKs Temple of Talos,,,,yes,,JK's Interiors Patch Collection
3470,JKs Temple of Talos - Cheesemod Patch.esp,JKs Temple of Talos,,,,yes,,JK's Interiors Patch Collection
3471,JKs Temple of Talos - Cloaks of Skyrim patch.esp,JKs Temple of Talos,,,,yes,,JK's Interiors Patch Collection
3472,JKs Temple of Talos - Oblivion Artifacts patch.esp,JKs Temple of Talos,,,,yes,,JK's Interiors Patch Collection
3473,JKs Temple of Talos - Solitude and Temple Frescoes patch.esp,JKs Temple of Talos,,,,yes,,JK's Interiors Patch Collection
3476,JKs Arcadias Cauldron - Cheesemod Patch.esp,JKs Arcadias Cauldron,,,,,,
3478,JKs Bannered Mare - Skyrim Unique Drinks Patch.esp,JKs Bannered Mare,,,,,,
3481,DBM_JKBluePalace_Patch.esp,DBM,Madmen - DBM Patch (keep),,,,,
3482,Occ_Skyrim_JKsBluePalace_patch.esp,Occ,Occiglacies (Crafting Fix) (keep); Lux - HAG - Occult Orphan Rock Patch (keep); Project AHO - CC Ghost of the tribunal Consistency Patch (keep),,,,,
3485,JKs Blue Palace - 3DNPC Patch.esp,JKs Blue Palace,,,,,,
3486,JKs Blue Palace - A Cats Life patch.esp,JKs Blue Palace,,,,,,
3487,JKs Blue Palace - ACE patch.esp,JKs Blue Palace,,,,,,
3489,JKs Blue Palace - Amulets of Skyrim patch.esp,JKs Blue Palace,,,,,,
3490,JKs Blue Palace - AYOP TG patch.esp,JKs Blue Palace,,,,,,
3491,JKs Blue Palace - BGCollectables Patch.esp,JKs Blue Palace,,,,,,
3492,JKs Blue Palace - Cheesemod Patch.esp,JKs Blue Palace,,,,,,
3493,JKs Blue Palace - DBMCollectors Patch.esp,JKs Blue Palace,,,,,,
3496,JKs Blue Palace - Royal Armory Replacer Patch.esp,JKs Blue Palace,,,,,,
3497,JKs Blue Palace - Skyrim Sewers Patch.esp,JKs Blue Palace,,,,,,
3498,JKs Blue Palace - SUT Patch.esp,JKs Blue Palace,,,,,,
3499,JKs Hags Cure - A Cats Life patch.esp,JKs Hags Cure,,,,,,
3501,JKs Palace of the Kings - Citizens Complete patch.esp,JKs Palace of the Kings,,,,,,
3502,JKs Sleeping Giant Inn - 3DNPC Patch.esp,JKs Sleeping Giant Inn,,,,,,
3504,JKs Sleeping Giant Inn - Ashe patch.esp,JKs Sleeping Giant Inn,,,,,,
3505,JKs Sleeping Giant Inn - Cheesemod Patch.esp,JKs Sleeping Giant Inn,,,,,,
3506,JKs Sleeping Giant Inn - Skyrim Unique Drinks Patch.esp,JKs Sleeping Giant Inn,,,,,,
3507,JKs Temple of Dibella - Solitude and Temple Frescoes patch.esp,JKs Temple of Dibella,,,,,,
3509,JKs Understone Keep - 3DNPC.esp,JKs Understone Keep,,,,yes,,JK's Interiors Patch Collection
3510,JKs Understone Keep - Additional Hearthfire Dolls Patch.esp,JKs Understone Keep,,,,yes,,JK's Interiors Patch Collection
3512,JKs Understone Keep - Amulets of Skyrim patch.esp,JKs Understone Keep,,,,yes,,JK's Interiors Patch Collection
3513,JKs Understone Keep - Cheesemod Patch.esp,JKs Understone Keep,,,,yes,,JK's Interiors Patch Collection
3518,JKs White Phial - Zims Immersive Artifacts Patch.esp,JKs White Phial,,,,yes,,JK's Interiors Patch Collection
3519,JKs Winking Skeever - 3DNPC Patch.esp,JKs Winking Skeever,,,,yes,,JK's Interiors Patch Collection
3521,JKs Winking Skeever - Ashe patch.esp,JKs Winking Skeever,,,,,,
3522,JKs Winking Skeever - Cheesemod Patch.esp,JKs Winking Skeever,,,,yes,,JK's Interiors Patch Collection
3526,JKs Winking Skeever - Skyrim Unique Drinks Patch.esp,JKs Winking Skeever,,,,yes,,JK's Interiors Patch Collection
3527,JKs Winking Skeever - SUT patch.esp,JKs Winking Skeever,,,,yes,,JK's Interiors Patch Collection
3528,JKs Winking Skeever - Undeath - SSewers Patch.esp,JKs Winking Skeever,,,,yes,,JK's Interiors Patch Collection
3534,Nightgate Inn Revived - 3DNPC.esp,Nightgate Inn Revived,Nightgate Inn Revived - Patches and Addons (keep),,,,,
3535,Nightgate Inn Revived - AI Overhaul.esp,Nightgate Inn Revived,Nightgate Inn Revived - Patches and Addons (keep),,,,,
3536,Nightgate Inn Revived - At Your Own Pace - Dawnguard.esp,Nightgate Inn Revived,Nightgate Inn Revived - Patches and Addons (keep),,,,,
3537,Nightgate Inn Revived - At Your Own Pace - Thieves Guild.esp,Nightgate Inn Revived,Nightgate Inn Revived - Patches and Addons (keep),,,,,
3539,Nightgate Inn Revived - Cheesemod.esp,Nightgate Inn Revived,Nightgate Inn Revived - Patches and Addons (keep),,,,,
3540,Nightgate Inn Revived - Cutting Room Floor.esp,Nightgate Inn Revived,Nightgate Inn Revived - Patches and Addons (keep),,,,,
3541,Nightgate Inn Revived - Legacy of the Dragonborn.esp,Nightgate Inn Revived,Nightgate Inn Revived - Patches and Addons (keep),,,,,
3542,Nightgate Inn Revived - Skyrims Unique Treasures.esp,Nightgate Inn Revived,Nightgate Inn Revived - Patches and Addons (keep),,,,,
3543,Nightgate Inn Revived - SUDs patch.esp,Nightgate Inn Revived,Nightgate Inn Revived - Patches and Addons (keep),,,,,
3558,Candlehearth - The Great Town of Karthwasten Patch.esp,Candlehearth,Candlehearth - Unofficial Patches2 (keep),,,,,
3559,Candlehearth - The Great Town of Shor's Stone Patch.esp,Candlehearth,Candlehearth - Unofficial Patches2 (keep),,,,,
3560,Candlehearth - The Great Village of Kynesgrove Patch.esp,Candlehearth,Candlehearth - Unofficial Patches2 (keep),,,,,
3561,Candlehearth - The Great Village of Old Hroldan Patch.esp,Candlehearth,Candlehearth - Unofficial Patches2 (keep),,,,,
3568,Snazzy Interiors - Karthwasten Hall - 3DNPC (TGTK) patch.esp,Snazzy Interiors,Snazzy Interiors Patch Collection2 (keep),,,,,
3569,Snazzy Interiors - Karthwasten Hall - AYOP TG (TGTK) patch.esp,Snazzy Interiors,Snazzy Interiors Patch Collection2 (keep),,,,,
3570,Snazzy Interiors - Karthwasten Hall - Cheesemod (TGTK) patch.esp,Snazzy Interiors,Snazzy Interiors Patch Collection2 (keep),,,,,
3571,Snazzy Interiors - Karthwasten Hall - The Great Town of Karthwasten patch.esp,Snazzy Interiors,Snazzy Interiors Patch Collection2 (keep),,,,,
3585,Freak's Floral Fields.esp,Freak's Floral Fields,No Grass In Objects - Freak's Floral Fields - Patch (download),,,,,
3586,Freak's Floral Fields- All Dead Tundra.esp,Freak's Floral Fields- All Dead Tundra,,,,,,
3587,Freak's Floral Fields- Dead Snow Grass.esp,Freak's Floral Fields- Dead Snow Grass,,,,,,
3588,Freak's Floral Fields- Ferntastic Pine!.esp,Freak's Floral Fields- Ferntastic Pine!,,,,,,
3589,Freak's Floral Fields- Realistic Rift.esp,Freak's Floral Fields- Realistic Rift,,,,,,
3590,Freak's Floral Fields- Volcanic Wasteland.esp,Freak's Floral Fields- Volcanic Wasteland,,,,,,
3612,Lux Via - CRF patch.esp,Lux Via,Lux - Via (patch hub)2 (keep); Orc Strogholds - AIO - Lux Via Patch (keep); Skybound Underhang Camp - Lux Via Patch (download),,,yes,,Lux Via - Patch Hub
3613,Lux Via - Divine Elegance patch.esp,Lux Via,Lux - Via (patch hub)2 (keep); Orc Strogholds - AIO - Lux Via Patch (keep); Skybound Underhang Camp - Lux Via Patch (download),,,yes,,Lux Via - Patch Hub
3615,Lux Via - Roadsigns Overhaul.esp,Lux Via,Lux - Via (patch hub)2 (keep); Orc Strogholds - AIO - Lux Via Patch (keep); Skybound Underhang Camp - Lux Via Patch (download),,,yes,,Lux Via - Patch Hub
3623,Lux Via - Simplicity of Snow.esp,Lux Via,Lux - Via (patch hub)2 (keep); Orc Strogholds - AIO - Lux Via Patch (keep); Skybound Underhang Camp - Lux Via Patch (download),Tiny Patch Hub-62050-2-5-1-1771141620.7z,yes,,Tiny but Useful - Yet Another Patch Hub,
3625,Lux Orbis.esp,Lux Orbis,Lux Orbis - Patch Hub2 (keep); High Hrothgar Fixed - Lux Orbis Parallax Patch (keep); Tel Mithryn Overhaul - High Poly and Improved Meshes - Lux Orbis Patch (keep),,yes,yes,Lux Orbis,Lux Orbis
3657,Faendal Home Overhaul - Lux Orbis Patch.esp,Faendal Home Overhaul,,,,,,
3658,RIverwood Timber Rest - Lux Orbis Patch.esp,RIverwood Timber Rest,,,,,,
3667,Lux Orbis - Orc Exiles - Bilegulch Patch 1.3.esp,Lux Orbis,Lux Orbis - Patch Hub2 (keep); High Hrothgar Fixed - Lux Orbis Parallax Patch (keep); Tel Mithryn Overhaul - High Poly and Improved Meshes - Lux Orbis Patch (keep),,,,,
3670,Nightgate Inn Revived - Lux Orbis - CRF.esp,Nightgate Inn Revived,Nightgate Inn Revived - Patches and Addons (keep),,,,,
3676,Lux Orbis - Autumngate patch.esp,Lux Orbis,Lux Orbis - Patch Hub2 (keep); High Hrothgar Fixed - Lux Orbis Parallax Patch (keep); Tel Mithryn Overhaul - High Poly and Improved Meshes - Lux Orbis Patch (keep),,yes,,Lux Orbis (patch hub),
3680,Lux Orbis - COTN Dawnstar patch.esp,Lux Orbis,Lux Orbis - Patch Hub2 (keep); High Hrothgar Fixed - Lux Orbis Parallax Patch (keep); Tel Mithryn Overhaul - High Poly and Improved Meshes - Lux Orbis Patch (keep),,yes,,Lux Orbis (patch hub),
3681,Lux Orbis - COTN Falkreath patch.esp,Lux Orbis,Lux Orbis - Patch Hub2 (keep); High Hrothgar Fixed - Lux Orbis Parallax Patch (keep); Tel Mithryn Overhaul - High Poly and Improved Meshes - Lux Orbis Patch (keep),,yes,,Lux Orbis (patch hub),
3685,Lux Orbis - Embers XD patch.esp,Lux Orbis,Lux Orbis - Patch Hub2 (keep); High Hrothgar Fixed - Lux Orbis Parallax Patch (keep); Tel Mithryn Overhaul - High Poly and Improved Meshes - Lux Orbis Patch (keep),,yes,yes,Lux Orbis,Lux Orbis
3686,Lux Orbis - Embershard patch.esp,Lux Orbis,Lux Orbis - Patch Hub2 (keep); High Hrothgar Fixed - Lux Orbis Parallax Patch (keep); Tel Mithryn Overhaul - High Poly and Improved Meshes - Lux Orbis Patch (keep),,yes,,Lux Orbis (patch hub),
3688,Lux Orbis - Fortified Dawnstar patch.esp,Lux Orbis,Lux Orbis - Patch Hub2 (keep); High Hrothgar Fixed - Lux Orbis Parallax Patch (keep); Tel Mithryn Overhaul - High Poly and Improved Meshes - Lux Orbis Patch (keep),,yes,,Lux Orbis (patch hub),
3689,Lux Orbis - Fortified Morthal patch.esp,Lux Orbis,Lux Orbis - Patch Hub2 (keep); High Hrothgar Fixed - Lux Orbis Parallax Patch (keep); Tel Mithryn Overhaul - High Poly and Improved Meshes - Lux Orbis Patch (keep),,yes,,Lux Orbis (patch hub),
3696,Lux Orbis - Halla Patch.esp,Lux Orbis,Lux Orbis - Patch Hub2 (keep); High Hrothgar Fixed - Lux Orbis Parallax Patch (keep); Tel Mithryn Overhaul - High Poly and Improved Meshes - Lux Orbis Patch (keep),,yes,,Lux Orbis (patch hub),
3708,Lux Orbis - JK's Raven Rock patch.esp,Lux Orbis,Lux Orbis - Patch Hub2 (keep); High Hrothgar Fixed - Lux Orbis Parallax Patch (keep); Tel Mithryn Overhaul - High Poly and Improved Meshes - Lux Orbis Patch (keep),,yes,,Lux Orbis (patch hub),
3710,Lux Orbis - Riften Sconce Patch.esp,Lux Orbis,Lux Orbis - Patch Hub2 (keep); High Hrothgar Fixed - Lux Orbis Parallax Patch (keep); Tel Mithryn Overhaul - High Poly and Improved Meshes - Lux Orbis Patch (keep),,yes,yes,Lux Orbis,Lux Orbis
3712,Lux Orbis - JK's Sky Haven Temple patch.esp,Lux Orbis,Lux Orbis - Patch Hub2 (keep); High Hrothgar Fixed - Lux Orbis Parallax Patch (keep); Tel Mithryn Overhaul - High Poly and Improved Meshes - Lux Orbis Patch (keep),,yes,,Lux Orbis (patch hub),
3713,Lux Orbis - JK's Tel Mithryn patch.esp,Lux Orbis,Lux Orbis - Patch Hub2 (keep); High Hrothgar Fixed - Lux Orbis Parallax Patch (keep); Tel Mithryn Overhaul - High Poly and Improved Meshes - Lux Orbis Patch (keep),,yes,,Lux Orbis (patch hub),
3724,Lux Orbis - Ryn's Azura's Shrine.esp,Lux Orbis,Lux Orbis - Patch Hub2 (keep); High Hrothgar Fixed - Lux Orbis Parallax Patch (keep); Tel Mithryn Overhaul - High Poly and Improved Meshes - Lux Orbis Patch (keep),,yes,,Lux Orbis (patch hub),
3728,Lux Orbis - Ryn's Dragon Mounds.esp,Lux Orbis,Lux Orbis - Patch Hub2 (keep); High Hrothgar Fixed - Lux Orbis Parallax Patch (keep); Tel Mithryn Overhaul - High Poly and Improved Meshes - Lux Orbis Patch (keep),,yes,yes,Lux Orbis (patch hub),
3732,Lux Orbis - Ryn's Lost Valley Redoubt Patch.esp,Lux Orbis,Lux Orbis - Patch Hub2 (keep); High Hrothgar Fixed - Lux Orbis Parallax Patch (keep); Tel Mithryn Overhaul - High Poly and Improved Meshes - Lux Orbis Patch (keep),,yes,,Lux Orbis (patch hub),
3750,Lux Orbis - USSEP patch.esp,Lux Orbis,Lux Orbis - Patch Hub2 (keep); High Hrothgar Fixed - Lux Orbis Parallax Patch (keep); Tel Mithryn Overhaul - High Poly and Improved Meshes - Lux Orbis Patch (keep),,yes,yes,Lux Orbis,Lux Orbis
3751,Lux Orbis - Windhelm Entrance Overhaul patch.esp,Lux Orbis,Lux Orbis - Patch Hub2 (keep); High Hrothgar Fixed - Lux Orbis Parallax Patch (keep); Tel Mithryn Overhaul - High Poly and Improved Meshes - Lux Orbis Patch (keep),,yes,,Lux Orbis (patch hub),
3758,WiZkiD Lund's Hut - Lux Patch.esp,WiZkiD Lund's Hut,,Tiny Patch Hub-62050-2-5-1-1771141620.7z,yes,,Tiny but Useful - Yet Another Patch Hub,
3772,Faendal Home Overhaul - Lux Patch.esp,Faendal Home Overhaul,,,,,,
3775,Lux - Orc Exiles - Bilegulch.esp,Lux,Lux CS Patch (download); Lux - Patch Hub3 (keep); Lux Orbis - Patch Hub2 (keep),,,,,
3786,Occ_Skyrim_City-Entrances-Overhaul-Markarth_patch.esp,Occ,Occiglacies (Crafting Fix) (keep); Lux - HAG - Occult Orphan Rock Patch (keep); Project AHO - CC Ghost of the tribunal Consistency Patch (keep),,,,,
3794,Lux - Ryn's Whiterun City Limits patch.esp,Lux,Lux CS Patch (download); Lux - Patch Hub3 (keep); Lux Orbis - Patch Hub2 (keep),,,,,
3798,Lux - Aki's Tower patch.esp,Lux,Lux CS Patch (download); Lux - Patch Hub3 (keep); Lux Orbis - Patch Hub2 (keep),,yes,,Lux (patch hub),
3803,Lux - Autumngate patch.esp,Lux,Lux CS Patch (download); Lux - Patch Hub3 (keep); Lux Orbis - Patch Hub2 (keep),,yes,,Lux (patch hub),
3811,Lux - COTN Dawnstar patch.esp,Lux,Lux CS Patch (download); Lux - Patch Hub3 (keep); Lux Orbis - Patch Hub2 (keep),,yes,,Lux (patch hub),
3815,Lux - COTN Falkreath patch.esp,Lux,Lux CS Patch (download); Lux - Patch Hub3 (keep); Lux Orbis - Patch Hub2 (keep),,yes,,Lux (patch hub),
3824,Lux - Eli Halla patch.esp,Lux,Lux CS Patch (download); Lux - Patch Hub3 (keep); Lux Orbis - Patch Hub2 (keep),,yes,,Lux (patch hub),
3825,Lux - Eli's Home in a Hat patch.esp,Lux,Lux CS Patch (download); Lux - Patch Hub3 (keep); Lux Orbis - Patch Hub2 (keep),,yes,,Lux (patch hub),
3829,Lux - Embershard patch.esp,Lux,Lux CS Patch (download); Lux - Patch Hub3 (keep); Lux Orbis - Patch Hub2 (keep),,yes,,Lux (patch hub),
3855,Lux - JK's Blood Inn patch.esp,Lux,Lux CS Patch (download); Lux - Patch Hub3 (keep); Lux Orbis - Patch Hub2 (keep),,yes,yes,Lux (patch hub),
3875,Lux - JK's Raven Rock patch.esp,Lux,Lux CS Patch (download); Lux - Patch Hub3 (keep); Lux Orbis - Patch Hub2 (keep),,yes,,Lux (patch hub),
3880,Lux - JK's Sleeping Giant inn patch.esp,Lux,Lux CS Patch (download); Lux - Patch Hub3 (keep); Lux Orbis - Patch Hub2 (keep),,yes,,Lux (patch hub),
3881,Lux - JK's Tel Mithryn patch.esp,Lux,Lux CS Patch (download); Lux - Patch Hub3 (keep); Lux Orbis - Patch Hub2 (keep),,yes,,Lux (patch hub),
3889,Lux - JK's Thieves Guild patch.esp,Lux,Lux CS Patch (download); Lux - Patch Hub3 (keep); Lux Orbis - Patch Hub2 (keep),,yes,,Lux (patch hub),
3906,Lux - Mirele Bismath Reborn.esp,Lux,Lux CS Patch (download); Lux - Patch Hub3 (keep); Lux Orbis - Patch Hub2 (keep),,yes,,Lux (patch hub),
3910,Lux - Myrwatch Tweaks and Enhancements patch.esp,Lux,Lux CS Patch (download); Lux - Patch Hub3 (keep); Lux Orbis - Patch Hub2 (keep),,,,,
3919,Lux - Redwater Brewery patch.esp,Lux,Lux CS Patch (download); Lux - Patch Hub3 (keep); Lux Orbis - Patch Hub2 (keep),,yes,,Lux (patch hub),
3921,Lux - Ryn's Azura's Shrine patch.esp,Lux,Lux CS Patch (download); Lux - Patch Hub3 (keep); Lux Orbis - Patch Hub2 (keep),,yes,,Lux (patch hub),
3922,Lux - Ryn's Mehrunes Dagon Shrine patch.esp,Lux,Lux CS Patch (download); Lux - Patch Hub3 (keep); Lux Orbis - Patch Hub2 (keep),,yes,,Lux (patch hub),
3933,Lux - SWIFT.esp,Lux,Lux CS Patch (download); Lux - Patch Hub3 (keep); Lux Orbis - Patch Hub2 (keep),,,,,
3936,Lux - Grand Solitude patch.esp,Lux,Lux CS Patch (download); Lux - Patch Hub3 (keep); Lux Orbis - Patch Hub2 (keep),,,,,
3937,Lux Orbis - COTN Winterhold patch.esp,Lux Orbis,Lux Orbis - Patch Hub2 (keep); High Hrothgar Fixed - Lux Orbis Parallax Patch (keep); Tel Mithryn Overhaul - High Poly and Improved Meshes - Lux Orbis Patch (keep),,yes,,Lux Orbis (patch hub),
3939,Lux Orbis - TGCotN Winterhold patch.esp,Lux Orbis,Lux Orbis - Patch Hub2 (keep); High Hrothgar Fixed - Lux Orbis Parallax Patch (keep); Tel Mithryn Overhaul - High Poly and Improved Meshes - Lux Orbis Patch (keep),,yes,,Lux Orbis (patch hub),
3940,Lux - TGCotN Winterhold V4 patch.esp,Lux,Lux CS Patch (download); Lux - Patch Hub3 (keep); Lux Orbis - Patch Hub2 (keep),,yes,,Lux (patch hub),
3955,[Fix] Lux Orbis - Windhelm Entrance Overhaul patch - Revert Bridge.esp,[Fix] Lux Orbis,,,yes,,Mages & Vikings - Custom Files,
3958,Snazzy Interiors - Windhelm AIO - 3DNPC + Lux patch.esp,Snazzy Interiors,Snazzy Interiors Patch Collection2 (keep),,,,,
3959,Lux - Windhelm Entrance Overhaul patch.esp,Lux,Lux CS Patch (download); Lux - Patch Hub3 (keep); Lux Orbis - Patch Hub2 (keep),,yes,,Lux (patch hub),
3982,Northern Roads - Fortified Morthal.esp,Northern Roads,Northern Roads Patch Compendium (keep); Northern Roads - Patches Compendium (keep); Northern Roads Patch Collection Addons (keep),,,,,
3984,Riverwood Timber Rest - Northern Road Patch.esp,Riverwood Timber Rest,,,,,,
3985,Riverwood Falls - Northern Roads - Riverwood Timber Rest.esp,Riverwood Falls,,,,,,
3987,Northern Roads Tents - Animated.esp,Northern Roads Tents,,,,,,
3988,Northern Roads - A Cat's Life patch.esp,Northern Roads,Northern Roads Patch Compendium (keep); Northern Roads - Patches Compendium (keep); Northern Roads Patch Collection Addons (keep),,,yes,,Northern Roads Patch Collection
3990,Northern Roads - Ashe patch.esp,Northern Roads,Northern Roads Patch Compendium (keep); Northern Roads - Patches Compendium (keep); Northern Roads Patch Collection Addons (keep),,,,,
3991,Northern Roads - BS Bruma Patch.esp,Northern Roads,Northern Roads Patch Compendium (keep); Northern Roads - Patches Compendium (keep); Northern Roads Patch Collection Addons (keep),,,yes,,Northern Roads Patch Collection
3997,Northern Roads - Complementary Grass Fixes patch.esp,Northern Roads,Northern Roads Patch Compendium (keep); Northern Roads - Patches Compendium (keep); Northern Roads Patch Collection Addons (keep),,,yes,,Northern Roads Patch Collection
3999,Northern Roads - CRF patch.esp,Northern Roads,Northern Roads Patch Compendium (keep); Northern Roads - Patches Compendium (keep); Northern Roads Patch Collection Addons (keep),,,yes,,Northern Roads Patch Collection
4001,Northern Roads - Forgotten City patch.esp,Northern Roads,Northern Roads Patch Compendium (keep); Northern Roads - Patches Compendium (keep); Northern Roads Patch Collection Addons (keep),,,yes,,Northern Roads Patch Collection
4004,Northern Roads - Interesting NPCs 3DNPC patch.esp,Northern Roads,Northern Roads Patch Compendium (keep); Northern Roads - Patches Compendium (keep); Northern Roads Patch Collection Addons (keep),,,yes,,Northern Roads Patch Collection
4020,Northern Roads - Legacy of the Dragonborn patch.esp,Northern Roads,Northern Roads Patch Compendium (keep); Northern Roads - Patches Compendium (keep); Northern Roads Patch Collection Addons (keep),,,yes,,Northern Roads Patch Collection
4031,Northern Roads - Moon And Star patch.esp,Northern Roads,Northern Roads Patch Compendium (keep); Northern Roads - Patches Compendium (keep); Northern Roads Patch Collection Addons (keep),,,yes,,Northern Roads Patch Collection
4033,Northern Roads - Realistic Nord Ships Patch.esp,Northern Roads,Northern Roads Patch Compendium (keep); Northern Roads - Patches Compendium (keep); Northern Roads Patch Collection Addons (keep),,,,,
4034,Northern Roads - Roadsigns Overhaul patch.esp,Northern Roads,Northern Roads Patch Compendium (keep); Northern Roads - Patches Compendium (keep); Northern Roads Patch Collection Addons (keep),,,yes,,Northern Roads Patch Collection
4043,Northern Roads - Ryn's Whiterun City Limits Patch.esp,Northern Roads,Northern Roads Patch Compendium (keep); Northern Roads - Patches Compendium (keep); Northern Roads Patch Collection Addons (keep),,,,,
4044,Northern Roads - Ryn's Whiterun City Limits + CC Tundra Homestead patch.esp,Northern Roads,Northern Roads Patch Compendium (keep); Northern Roads - Patches Compendium (keep); Northern Roads Patch Collection Addons (keep),,,,,
4045,Northern Roads - Ryn's Whiterun City Limits + Ryn's Bleakwind Basin patch.esp,Northern Roads,Northern Roads Patch Compendium (keep); Northern Roads - Patches Compendium (keep); Northern Roads Patch Collection Addons (keep),,,,,
4047,Snazzy Interiors - Karthwasten Hall - Lux (TGTK) patch.esp,Snazzy Interiors,Snazzy Interiors Patch Collection2 (keep),,,,,
4048,Northern Roads - The Great Town of Karthwasten patch.esp,Northern Roads,Northern Roads Patch Compendium (keep); Northern Roads - Patches Compendium (keep); Northern Roads Patch Collection Addons (keep),,,yes,,Northern Roads Patch Collection
4049,Northern Roads - The Great Town of Shor's Stone patch.esp,Northern Roads,Northern Roads Patch Compendium (keep); Northern Roads - Patches Compendium (keep); Northern Roads Patch Collection Addons (keep),,,yes,,Northern Roads Patch Collection
4050,Northern Roads - The Great Village of Kynesgrove patch.esp,Northern Roads,Northern Roads Patch Compendium (keep); Northern Roads - Patches Compendium (keep); Northern Roads Patch Collection Addons (keep),,,yes,,Northern Roads Patch Collection
4052,Northern Roads - The Great Village of Old Hroldan patch.esp,Northern Roads,Northern Roads Patch Compendium (keep); Northern Roads - Patches Compendium (keep); Northern Roads Patch Collection Addons (keep),,,yes,,Northern Roads Patch Collection
4053,Northern Roads - Undeath patch.esp,Northern Roads,Northern Roads Patch Compendium (keep); Northern Roads - Patches Compendium (keep); Northern Roads Patch Collection Addons (keep),,,yes,,Northern Roads Patch Collection
4057,Northern Roads - COTN Dawnstar - Realistic Nord Ships - Lux Orbis patch.esp,Northern Roads,Northern Roads Patch Compendium (keep); Northern Roads - Patches Compendium (keep); Northern Roads Patch Collection Addons (keep),,,,,
4066,Northern Roads - Skybound Underhang Camp patch.esp,Northern Roads,Northern Roads Patch Compendium (keep); Northern Roads - Patches Compendium (keep); Northern Roads Patch Collection Addons (keep),,,,,
4072,Northern Roads - Alternate Perspective Patch.esp,Northern Roads,Northern Roads Patch Compendium (keep); Northern Roads - Patches Compendium (keep); Northern Roads Patch Collection Addons (keep),,,yes,,Nolvus - Northern Roads Grass Patches
4073,Northern Roads - Better Courier patch.esp,Northern Roads,Northern Roads Patch Compendium (keep); Northern Roads - Patches Compendium (keep); Northern Roads Patch Collection Addons (keep),,,,,
4076,Northern Roads - JKs Riften Outskirts - A Cat's Life patch.esp,Northern Roads,Northern Roads Patch Compendium (keep); Northern Roads - Patches Compendium (keep); Northern Roads Patch Collection Addons (keep),,,,,
4077,Northern Roads - LFFGM - Complementary Grass Fix Patch.esp,Northern Roads,Northern Roads Patch Compendium (keep); Northern Roads - Patches Compendium (keep); Northern Roads Patch Collection Addons (keep),,,,,
4079,Northern Roads - Lux Via - Better Courier patch.esp,Northern Roads,Northern Roads Patch Compendium (keep); Northern Roads - Patches Compendium (keep); Northern Roads Patch Collection Addons (keep),,,,,
4080,Northern Roads - Lux Via - The Great Town of Karthwasten.esp,Northern Roads,Northern Roads Patch Compendium (keep); Northern Roads - Patches Compendium (keep); Northern Roads Patch Collection Addons (keep),,,,,
4081,Northern Roads - Ryn's Dragon Mounds - TGV Kynesgrove patch.esp,Northern Roads,Northern Roads Patch Compendium (keep); Northern Roads - Patches Compendium (keep); Northern Roads Patch Collection Addons (keep),,,yes,,
4083,Northern Roads - Skyrim Wayshrines patch.esp,Northern Roads,Northern Roads Patch Compendium (keep); Northern Roads - Patches Compendium (keep); Northern Roads Patch Collection Addons (keep),,,,,
4084,Northern Roads - Thunderchild patch.esp,Northern Roads,Northern Roads Patch Compendium (keep); Northern Roads - Patches Compendium (keep); Northern Roads Patch Collection Addons (keep),,,,,
4085,Northern Roads - Tools of Kagrenac patch.esp,Northern Roads,Northern Roads Patch Compendium (keep); Northern Roads - Patches Compendium (keep); Northern Roads Patch Collection Addons (keep),,,,,
4086,Northern Roads - Wintersun patch.esp,Northern Roads,Northern Roads Patch Compendium (keep); Northern Roads - Patches Compendium (keep); Northern Roads Patch Collection Addons (keep),,,,,
4099,Northern Roads - Grand Solitude patch.esp,Northern Roads,Northern Roads Patch Compendium (keep); Northern Roads - Patches Compendium (keep); Northern Roads Patch Collection Addons (keep),,,,,
4101,Northern Roads - JKs Solitude Outskirts + Grand Solitude patch.esp,Northern Roads,Northern Roads Patch Compendium (keep); Northern Roads - Patches Compendium (keep); Northern Roads Patch Collection Addons (keep),,,,,
4152,Ancientland - Valtheim Statues Patch.esp,Ancientland,Ancient Land - JK's Windhelm Outskirts patch (download); Ancient Land Patches (download),,,,,
4156,JKs Riften Outskirts - Atlas Map Markers patch.esp,JKs Riften Outskirts,JK's Riften Outskirts - Scarecrows of Skyrim Patch (keep); JK's Riften Outskirts Patch Collection2 (keep),,,,,
4157,JKs Solitude Outskirts - Atlas Map Markers patch.esp,JKs Solitude Outskirts,JK's Solitude Outskirts Patch Collection3 (keep),,,yes,,JK's Solitude Outskirts - Patch Collection
4158,JKs Raven Rock - Atlas Map Markers patch.esp,JKs Raven Rock,JK's Raven Rock Patch Collection2 (keep),,,,,
4159,TGC Winterhold - Atlas Map Markers patch.esp,TGC Winterhold,,,,yes,,The Great City of Winterhold Patch Collection
4160,COTN Falkreath - Atlas Map Markers SE patch.esp,COTN Falkreath,Eclipse Cottage - A COTN Falkreath Addon - Lux Patch (keep),,,,,
4161,COTN Winterhold - Atlas Map Markers Patch.esp,COTN Winterhold,Diverse Chicken Coops - CoTN Winterhold Patch (download); COTN Winterhold Patch Collection2 (keep),,,,,
4165,JKs Castle Volkihar - Atlas Map Markers patch.esp,JKs Castle Volkihar,,JK's Guild HQ Interiors Patch Collection-61416-1-29-1-1776961309.rar,,yes,,JKs Guild HQ Interiors Patch Collection
4175,ModpocalypseNPCs-LotDV6-ErrorFixes.esp,ModpocalypseNPCs-LotDV6-ErrorFixes,,,,,,
4179,Dreadful Alduin Graphics Only.esp,Dreadful Alduin Graphics Only,,,,,,
4191,Vanaheimr - Mines and Caves - PBR.esp,Vanaheimr,Texture Patch for Vanaheimr PBR Landscapes (download),,,,,
4197,Praedy's WinterholdCollegeBanner.esp,Praedy's WinterholdCollegeBanner,,,,,,
4199,ThronesExpandedBOS.esp,ThronesExpandedBOS,,,yes,,Thrones Expanded - Base Object Swapper,
4200,TerrainHelper.esp,TerrainHelper,,,yes,,Terrain Helper,
