plugin,provider,provider_source,pages_added,master,master_provider,master_source,missing,lowid_hardcoded,exterior,examples
Snazzy Interiors - Karthwasten Hall - The Great Town of Karthwasten Patch.esp,Snazzy Interiors Patch Collection2,mv,yes,The Great Town of Karthwasten.esp,The Great Town of Karthwasten - Rob's Bug Fixes,nolvus,93,93,0,REFR:000429@int; REFR:0003FC@int; REFR:0003FE@int
Great Town of Karthwasten - AI Overhaul Patch.esp,The Great Town of Karthwasten Patch Collection2,nolvus,yes,The Great Town of Karthwasten.esp,The Great Town of Karthwasten - Rob's Bug Fixes,nolvus,5,5,0,NPC_:00009C; NPC_:0000AC; NPC_:0001E5
Snazzy Interiors - Karthwasten Hall - Lux (TGTK) patch.esp,Snazzy Interiors Patch Collection2,mv,yes,The Great Town of Karthwasten.esp,The Great Town of Karthwasten - Rob's Bug Fixes,nolvus,3,3,0,REFR:0006C4@int; REFR:0006C5@int; REFR:0006C6@int
Great Town of Karthwasten - Nature of the Wild Lands patch.esp,The Great Town of Karthwasten Patch Collection2,nolvus,yes,The Great Town of Karthwasten.esp,The Great Town of Karthwasten - Rob's Bug Fixes,nolvus,2,2,2,REFR:000048@ext; REFR:000055@ext
Snazzy Interiors - Markarth AIO - Forgotten in History patch.esp,Snazzy Interiors Patch Collection2,mv,yes,LOTD_HUB_FINH.esp,Legacy of the Dragonborn - Hall of Forgotten2,nolvus,1,1,0,REFR:000005@int
Lux Orbis - LotD patch.esp,Lux Orbis - Patch Hub2,nolvus,no,LegacyoftheDragonborn.esm,Legacy of the Dragonborn V6,nexus_other,88,0,88,REFR:37C067@ext; REFR:37C04B@ext; REFR:37C04C@ext
Medieval Markets - Creation Club Fishing Patch.esp,Medieval Markets - Patches Collection3,mv,yes,Medieval Markets.esp,Medieval Markets - Patches Collection3,mv,37,0,37,REFR:000297@ext; REFR:0001A7@ext; REFR:000212@ext
Riverwood Falls - fallentreesbridgesSSE.esp,Riverwood Falls - Waterfall Additions for Riverwood2,nexus_other,yes,fallentreebridgesSSE.esp,Immersive Fallen Trees,nolvus,19,0,19,REFR:00BADF@ext; REFR:008A3E@ext; REFR:008A3F@ext
JKs Raven Rock - Better Dynamic Ash patch.esp,JK's Raven Rock Patch Collection2,mv,yes,Better Dynamic Ash.esp,Better Dynamic Ash,nolvus,15,0,15,REFR:014C69@ext; REFR:014C6A@ext; REFR:014C6B@ext
Ruins Over Riverwood - Northern Roads Patch.esp,Ruins Across Skyrim,nexus_other,yes,Ruins Over Riverwood.esp,Ruins Across Skyrim,nexus_other,7,0,7,REFR:00FBE9@ext; REFR:00597C@ext; REFR:00597D@ext
Liv_IcyWindhelm_Bridge_Patch.esp,Lively's Patch for Icy Windhelm and City Entrances Overhaul - Windhelm,mv,no,Icy Windhelm.esp,Icy Windhelm2,both,3,0,3,REFR:01629B@ext; REFR:016250@ext; REFR:016252@ext; REFR:01628F@ext
COTN Winterhold - Atlas Map Markers Patch.esp,COTN Winterhold Patch Collection2,mv,yes,Atlas Map Markers.esp,Atlas Map Markers,nolvus,3,0,2,REFR:000A4B@ext; REFR:000ACB@ext; FLST:00082F
Landscape and Water Fixes.esp,Skyrim Landscape and Water Fixes,both,no,Unofficial Skyrim Special Edition Patch.esp,Unofficial Skyrim Special Edition Patch,nolvus,2,0,2,REFR:02140B@ext; REFR:02140D@ext
JKs Solitude Outskirts - LOTD patch.esp,JK's Solitude Outskirts Patch Collection3,mv,no,LegacyoftheDragonborn.esm,Legacy of the Dragonborn V6,nexus_other,2,0,2,REFR:37C0CE@ext; NAVM:16CE20@ext
Occ_Skyrim_TGCotN-Winterhold-v4_patch.esp,eFPS - Unofficial Patches2,nolvus,yes,Occ_Skyrim_TGC-Winterhold-v4_patch.esp,eFPS - Unofficial Patches2,nolvus,2,0,2,REFR:000804@ext; REFR:000805@ext
TGC Winterhold - LOTD patch.esp,The Great City of Winterhold Patch Collection2,both,no,LegacyoftheDragonborn.esm,Legacy of the Dragonborn V6,nexus_other,2,0,2,REFR:0BE0C1@ext; NAVM:02BA0C@ext
Ruins Over Riverwood - NOTWL Patch.esp,Ruins Across Skyrim,nexus_other,yes,Ruins Over Riverwood.esp,Ruins Across Skyrim,nexus_other,2,0,2,REFR:00AABD@ext; REFR:005965@ext
Riverwood Falls - Riverwood Timber Rest.esp,Riverwood Falls - Waterfall Additions for Riverwood2,nexus_other,yes,Riverwood Timber Rest.esp,Ivy - Riverwood Timber Rest - Player Home,nexus_other,2,0,2,REFR:000120@ext; REFR:000121@ext; REFR:000133@ext; REFR:000215@ext; REFR:000217@ext
JKs High Hrothgar - LOTD Patch.esp,JKs Guild HQ Interiors Patch Collection,both,no,LegacyoftheDragonborn.esm,Legacy of the Dragonborn V6,nexus_other,2,0,2,REFR:37C0D3@ext; NAVM:1214B9@ext
Northern Roads - The Great Village of Kynesgrove patch.esp,Northern Roads Patch Collection,both,no,The Great Village of Kynesgrove.esp,The Great Village of Kynesgrove,nolvus,2,0,2,NAVM:21A82A@ext; NAVM:233D34@ext
Ryns Whiterun City Limits - Fallen Tree Bridges Patch.esp,Ryn's Whiterun City Limits - Patch Collection,nexus_other,yes,fallentreebridgesSSE.esp,Immersive Fallen Trees,nolvus,1,0,1,REFR:0074A7@ext
Ancient City of Markarth.esp,Ancient City of Markarth no Worldspace edits,nexus_other,yes,Markarth Side - Resort City.esp,Markarth Side - Flora and Performance City Overhaul,mv,1,0,1,REFR:0008F2@ext
Orc Exiles - The Cracked Tusk Keep USSEP.esp,Orc Exiles - The Cracked Tusk Keep - USSEP Patch,mv,no,unofficial skyrim special edition patch.esp,Unofficial Skyrim Special Edition Patch,nolvus,1,0,1,REFR:04C724@ext
JKs Castle Volkihar - LOTD patch.esp,JKs Guild HQ Interiors Patch Collection,both,no,LegacyoftheDragonborn.esm,Legacy of the Dragonborn V6,nexus_other,1,0,1,REFR:007255@ext
JKs Raven Rock - Atlas Map Markers patch.esp,JK's Raven Rock Patch Collection2,mv,yes,atlas map markers.esp,Atlas Map Markers,nolvus,1,0,1,REFR:000C2D@ext
COTN Falkreath - Atlas Map Markers SE patch.esp,Cities of the North - Falkreath Patch Collection2,mv,yes,Atlas Map Markers.esp,Atlas Map Markers,nolvus,1,0,1,REFR:000A2D@ext
Lux - JK's Blue Palace patch.esp,Lux - Patch Hub3,nolvus,no,JK's Blue Palace.esp,JK's Blue Palace2,both,117,0,0,REFR:052128@int; REFR:00FC44@int; REFR:00FC46@int
Lux - Legacy of the Dragonborn patch.esp,Lux - Patch Hub3,nolvus,no,LegacyoftheDragonborn.esm,Legacy of the Dragonborn V6,nexus_other,73,0,0,REFR:0BDFA6@int; REFR:0BDF76@int; REFR:0BDF81@int
DBM_HUB_Unslaad_Patch.esp,Legacy of the Dragonborn - Hall of Forgotten2,nolvus,yes,LOTD_HUB.esp,Legacy of the Dragonborn - Hall of Forgotten2,nolvus,47,0,0,REFR:2114CB@int; REFR:2114CF@int; REFR:3903EE@int
DBM_CCOR_Patch.esp,Legacy of the Dragonborn Patches (Official)2,nolvus,no,LegacyoftheDragonborn.esm,Legacy of the Dragonborn V6,nexus_other,38,0,0,COBJ:07EEF2; COBJ:1484B9; COBJ:1484BA
DBM_AetheriumWeapons_Patch.esp,Legacy of the Dragonborn Patches (Official)2,nolvus,no,LegacyoftheDragonborn.esm,Legacy of the Dragonborn V6,nexus_other,20,0,0,REFR:2AE1D8@int; REFR:2AE1E0@int; REFR:2AE1E7@int
JS Dragon Claws AE - Legacy of the Dragonborn.esp,JS Dragon Claws AE Anniversary Edition 2,mv,no,LegacyoftheDragonborn.esm,Legacy of the Dragonborn V6,nexus_other,12,0,0,REFR:1261EE@int; REFR:1261EF@int; REFR:1261F1@int
DBM_RelicNotifications.esp,Legacy of the Dragonborn - The Curators Companion2,nolvus,no,LegacyoftheDragonborn.esm,Legacy of the Dragonborn V6,nexus_other,10,0,0,REFR:098AAB@int; REFR:098AA9@int; REFR:098AA6@int
JKs Thieves Guild - USSEP patch.esp,JKs Guild HQ Interiors Patch Collection,both,no,unofficial skyrim special edition patch.esp,Unofficial Skyrim Special Edition Patch,nolvus,9,0,0,REFR:00AC2D@int; REFR:00AC30@int; REFR:00AC31@int
DBM_HUB_TwilightPrincess_Patch.esp,Legacy of the Dragonborn - Hall of Forgotten2,nolvus,yes,LOTD_HUB.esp,Legacy of the Dragonborn - Hall of Forgotten2,nolvus,8,0,0,TXST:2208C0; MISC:2259DF; LVLI:2208CF
DBM_HUB_SoulHunterArmor_Patch.esp,Legacy of the Dragonborn - Hall of Forgotten2,nolvus,yes,LOTD_HUB.esp,Legacy of the Dragonborn - Hall of Forgotten2,nolvus,7,0,0,TXST:2208BD; MISC:2259DC; LVLI:178E84
Lux - Understone Keep overhaul.esp,Lux Variants,both,no,Lux.esp,Lux (cs),nexus_other,7,0,0,REFR:059695@int; REFR:0596A2@int; REFR:0596A6@int
Snazzy Drelas Cottage - Lux patch.esp,Snazzy Interiors Patch Collection2,mv,no,Snazzy Drelas Cottage.esp,Snazzy Misc Locations AIO,nexus_other,4,0,0,REFR:000218@int; REFR:000215@int; REFR:000216@int
Lux - JK's Understone Keep Feuer Frei version.esp,Lux Variants,both,no,Lux.esp,Lux (cs),nexus_other,4,0,0,REFR:05E7C1@int; REFR:4636E3@int; REFR:0596A6@int
DBM_ISC_Patch.esp,Legacy of the Dragonborn Patches (Official)2,nolvus,no,LegacyoftheDragonborn.esm,Legacy of the Dragonborn V6,nexus_other,3,0,0,ARMO:00B829; MISC:40FEC2; MISC:40FEC3
DBM_CC_FishingHOWPatch.esp,Legacy of the Dragonborn - Creation Club Patch2,nolvus,no,LegacyoftheDragonborn.esm,Legacy of the Dragonborn V6,nexus_other,2,0,0,REFR:2ACDBC@int; REFR:1ABFFC@int
DBM_TheGrayCowlofNocturnal_Patch.esp,Legacy of the Dragonborn Patches (Official)2,nolvus,no,LegacyoftheDragonborn.esm,Legacy of the Dragonborn V6,nexus_other,2,0,0,REFR:2AE0CE@int; REFR:13DEF9@int
Mysticism - Vokrii Compatibility Patch.esp,Vokrii - Mysticism Patch,nolvus,no,MysticismMagic.esp,Mysticism - A Magic Overhaul,both,2,0,0,SPEL:01469E; SPEL:21DEA4
Vokriinator Black.esp,Vokriinator Black,nolvus,no,Adamant.esp,Adamant - A Perk Overhaul,both,2,0,0,GMST:343ED1; GMST:5BCCD9
scar_adxp_staminaLimit.esp,SCAR - Stamina Limitation,nolvus,no,scar-adxp-patch.esp,SCAR - Skyrim Combos AI Revolution,both,2,0,0,GLOB:000804; GLOB:000805
Adamant - WACCF.esp,Lilebonymace's Patches2,both,yes,Weapons Armor Clothing & Clutter Fixes.esp,Weapons Armor Clothing and Clutter Fixes [2K],nolvus,2,0,0,PERK:2ED989; PERK:2ED98A
NAT-CS.esp,NAT.CS III,nexus_other,yes,NAT-ENB.esp,NAT.ENB III - Natural and Atmospheric Tamriel ENB 3.1.1C,mv,2,0,0,IMGS:005351; VOLI:005358
LOTD_HUB.esp,Legacy of the Dragonborn - Hall of Forgotten2,nolvus,no,LegacyoftheDragonborn.esm,Legacy of the Dragonborn V6,nexus_other,1,0,0,REFR:06B8B0@int
DBM_KA_Patch.esp,Legacy of the Dragonborn Patches (Official)2,nolvus,no,LegacyoftheDragonborn.esm,Legacy of the Dragonborn V6,nexus_other,1,0,0,REFR:13DEFB@int
DBM_MidwoodIsle_Patch.esp,Midwood Isle - Patches,nolvus,no,LegacyoftheDragonborn.esm,Legacy of the Dragonborn V6,nexus_other,1,0,0,REFR:2BB03B@int
DBM_TeldrynSerious_Patch.esp,Legacy of the Dragonborn Patches (Official)2,nolvus,no,LegacyoftheDragonborn.esm,Legacy of the Dragonborn V6,nexus_other,1,0,0,REFR:13DF05@int
DBM_MAS_Patch.esp,Legacy of the Dragonborn Patches (Official)2,nolvus,no,LegacyoftheDragonborn.esm,Legacy of the Dragonborn V6,nexus_other,1,0,0,REFR:13DF03@int
DBM_AHO_Patch.esp,Legacy of the Dragonborn Patches (Official)2,nolvus,no,LegacyoftheDragonborn.esm,Legacy of the Dragonborn V6,nexus_other,1,0,0,REFR:04C380@int
JKJ - 3DNPC.esp,Project ja-Kha'jay- Interesting NPCs Khajiit Addon,nolvus,no,Project ja-Kha'jay- Khajiit Diversity.esp,Project ja-Kha'jay,both,1,0,0,HDPT:000DAD
JS Unique Utopia SE - Daggers - LOTD Patch.esp,JS Unique Utopia - Daggers - LOTD Patch,nolvus,no,LegacyoftheDragonborn.esm,Legacy of the Dragonborn V6,nexus_other,1,0,0,REFR:2AD562@int
YOT - LOTD.esp,YOT - Your Own Thoughts,nolvus,no,LegacyoftheDragonborn.esm,Legacy of the Dragonborn V6,nexus_other,1,0,0,MESG:079D44
TSOS_Sven_Lute.esp,True Sons of Skyrim Refined,both,yes,TSOSRefined.esp,True Sons of Skyrim Refined,both,1,0,0,WEAP:000CAB
JKs Thieves Guild - Kozakowys Falka Armor patch.esp,JKs Guild HQ Interiors Patch Collection,both,yes,KozakowyFalkaArmor.esp,Kozakowy's Falka Armor - 3BA,nolvus,1,0,0,REFR:002859@int
Lux - Myrwatch Tweaks and Enhancements patch.esp,Lux - Patch Hub3,nolvus,yes,Myrwatch - Tweaks and Enhancements.esp,CC Myrwatch - Tweaks and Enhancements (MyrTE),nexus_other,1,0,0,REFR:0008D0@int
