plugin,records_dropped,items_removed,source_folder
Snazzy Interiors - Karthwasten Hall - The Great Town of Karthwasten Patch.esp,93,93,Snazzy Interiors Patch Collection2
Great Town of Karthwasten - AI Overhaul Patch.esp,5,6,The Great Town of Karthwasten Patch Collection2
Snazzy Interiors - Karthwasten Hall - Lux (TGTK) patch.esp,3,3,Snazzy Interiors Patch Collection2
Great Town of Karthwasten - Nature of the Wild Lands patch.esp,2,2,The Great Town of Karthwasten Patch Collection2
Snazzy Interiors - Markarth AIO - Forgotten in History patch.esp,1,3,Snazzy Interiors Patch Collection2
Lux Orbis - LotD patch.esp,88,150,Lux Orbis - Patch Hub2
Medieval Markets - Creation Club Fishing Patch.esp,37,37,Medieval Markets - Patches Collection3
Riverwood Falls - fallentreesbridgesSSE.esp,19,35,Riverwood Falls - Waterfall Additions for Riverwood2
JKs Raven Rock - Better Dynamic Ash patch.esp,15,21,JK's Raven Rock Patch Collection2
Ruins Over Riverwood - Northern Roads Patch.esp,7,7,Ruins Across Skyrim
Liv_IcyWindhelm_Bridge_Patch.esp,3,3,Lively's Patch for Icy Windhelm and City Entrances Overhaul - Windhelm
COTN Winterhold - Atlas Map Markers Patch.esp,3,4,COTN Winterhold Patch Collection2
Landscape and Water Fixes.esp,2,2,Skyrim Landscape and Water Fixes
JKs Solitude Outskirts - LOTD patch.esp,2,2,JK's Solitude Outskirts Patch Collection3
Occ_Skyrim_TGCotN-Winterhold-v4_patch.esp,2,4,eFPS - Unofficial Patches2
TGC Winterhold - LOTD patch.esp,2,4,The Great City of Winterhold Patch Collection2
Ruins Over Riverwood - NOTWL Patch.esp,2,2,Ruins Across Skyrim
Riverwood Falls - Riverwood Timber Rest.esp,2,2,Riverwood Falls - Waterfall Additions for Riverwood2
JKs High Hrothgar - LOTD Patch.esp,2,4,JKs Guild HQ Interiors Patch Collection
Northern Roads - The Great Village of Kynesgrove patch.esp,2,2,Northern Roads Patch Collection
Ryns Whiterun City Limits - Fallen Tree Bridges Patch.esp,1,3,Ryn's Whiterun City Limits - Patch Collection
Ancient City of Markarth.esp,1,1,Ancient City of Markarth no Worldspace edits
Orc Exiles - The Cracked Tusk Keep USSEP.esp,1,3,Orc Exiles - The Cracked Tusk Keep - USSEP Patch
JKs Castle Volkihar - LOTD patch.esp,1,3,JKs Guild HQ Interiors Patch Collection
JKs Raven Rock - Atlas Map Markers patch.esp,1,3,JK's Raven Rock Patch Collection2
COTN Falkreath - Atlas Map Markers SE patch.esp,1,3,Cities of the North - Falkreath Patch Collection2
Lux - JK's Blue Palace patch.esp,117,117,Lux - Patch Hub3
Lux - Legacy of the Dragonborn patch.esp,73,73,Lux - Patch Hub3
DBM_HUB_Unslaad_Patch.esp,47,47,Legacy of the Dragonborn - Hall of Forgotten2
DBM_CCOR_Patch.esp,38,38,Legacy of the Dragonborn Patches (Official)2
DBM_AetheriumWeapons_Patch.esp,20,20,Legacy of the Dragonborn Patches (Official)2
JS Dragon Claws AE - Legacy of the Dragonborn.esp,12,12,JS Dragon Claws AE Anniversary Edition 2
DBM_RelicNotifications.esp,10,12,Legacy of the Dragonborn - The Curators Companion2
JKs Thieves Guild - USSEP patch.esp,9,10,JKs Guild HQ Interiors Patch Collection
DBM_HUB_TwilightPrincess_Patch.esp,8,11,Legacy of the Dragonborn - Hall of Forgotten2
DBM_HUB_SoulHunterArmor_Patch.esp,7,10,Legacy of the Dragonborn - Hall of Forgotten2
Lux - Understone Keep overhaul.esp,7,7,Lux Variants
Snazzy Drelas Cottage - Lux patch.esp,4,4,Snazzy Interiors Patch Collection2
Lux - JK's Understone Keep Feuer Frei version.esp,4,4,Lux Variants
DBM_ISC_Patch.esp,3,3,Legacy of the Dragonborn Patches (Official)2
DBM_CC_FishingHOWPatch.esp,2,2,Legacy of the Dragonborn - Creation Club Patch2
DBM_TheGrayCowlofNocturnal_Patch.esp,2,2,Legacy of the Dragonborn Patches (Official)2
Mysticism - Vokrii Compatibility Patch.esp,2,2,Vokrii - Mysticism Patch
Vokriinator Black.esp,2,2,Vokriinator Black
scar_adxp_staminaLimit.esp,2,3,SCAR - Stamina Limitation
Adamant - WACCF.esp,2,2,Lilebonymace's Patches2
NAT-CS.esp,2,2,NAT.CS III
LOTD_HUB.esp,1,1,Legacy of the Dragonborn - Hall of Forgotten2
DBM_KA_Patch.esp,1,1,Legacy of the Dragonborn Patches (Official)2
DBM_MidwoodIsle_Patch.esp,1,1,Midwood Isle - Patches
DBM_TeldrynSerious_Patch.esp,1,1,Legacy of the Dragonborn Patches (Official)2
DBM_MAS_Patch.esp,1,1,Legacy of the Dragonborn Patches (Official)2
DBM_AHO_Patch.esp,1,1,Legacy of the Dragonborn Patches (Official)2
JKJ - 3DNPC.esp,1,1,Project ja-Kha'jay- Interesting NPCs Khajiit Addon
JS Unique Utopia SE - Daggers - LOTD Patch.esp,1,1,JS Unique Utopia - Daggers - LOTD Patch
YOT - LOTD.esp,1,1,YOT - Your Own Thoughts
TSOS_Sven_Lute.esp,1,2,True Sons of Skyrim Refined
JKs Thieves Guild - Kozakowys Falka Armor patch.esp,1,3,JKs Guild HQ Interiors Patch Collection
Lux - Myrwatch Tweaks and Enhancements patch.esp,1,1,Lux - Patch Hub3
