plugin,records,errors,kinds,examples
Madmen - Simonrim.esp,867,505,Unresolved (Could not be resolved) x505,OREO_EncForsworn01TemplateMelee [NPC_:00023AA9] :: [FE0891CC] <Error: Could not be resolved> | OREO_EncForsworn01TemplateMelee [NPC_:00023AA9] :: [FE089D45] <Error: Could not be resolved> | OREO_EncForsworn01TemplateMelee [NPC_:00023AA9] :: [FE089D47] <Error: Could not be resolved>
NITHI NPCs - The Reach - Complete - AI Overhaul.esp,57,23,"Wrong reference type (Found a X reference, expected Y) x20; Unresolved (Could not be resolved) x2; <Tint layer index N not found in ImperialRace ""Imperial"" [RACE:N]> x1","Bothela ""Bothela"" [NPC_:0001338B] :: Found a TXST reference, expected: ARMO | Daighre ""Daighre"" [NPC_:00013391] :: Found a HDPT reference, expected: ARMO | Frabbi ""Frabbi"" [NPC_:00013398] :: Found a ARMA reference, expected: ARMO"
DBM_JKBluePalace_Patch.esp,11,1,Unresolved (Could not be resolved) x1,[NAVI:00012FB4] :: [1331CF09] <Error: Could not be resolved>
Whiterun Has Walls - Navmeshed.esm,170,0,,
DBM_TheGrayCowlofNocturnal_Patch.esp,177,0,,
DBM_Wyrmstooth_Patch.esp,268,0,,
DBM_Clockwork_Patch.esp,107,0,,
DBM_ForgottenCity_Patch.esp,121,0,,
DBM_Falskaar_Patch.esp,126,0,,
DBM_BSHeartlandPatch - Main.esp,1725,0,,
Occ_Skyrim_COTN-Winterhold_patch.esp,16,0,,
DBM_ZimsImmersiveArtifacts_Patch.esp,40,0,,
DBM_JSDagger_Patch.esp,19,0,,
DBM_JKDrunken_Patch.esp,2,0,,
DBM_CC_DMD_OAPSynergy.esp,19,0,,
DBM_CC_Fish_ToKSynergy.esp,18,0,,
DBM_CC_Gold_AoBSynergy.esp,26,0,,
DBM_CC_GotT_MaSSynergy.esp,4,0,,
DBM_CC_GrayCowlReturnsPatchMGTGCoNPatch.esp,55,0,,
DBM_CC_Shad_AoBSynergy.esp,16,0,,
DBM_CC_SoS_CheeseSynergy.esp,2,0,,
DBM_CC_SunderWraithguardToKPatch.esp,268,0,,
DBM_JKCofW_Patch.esp,4,0,,
AetheriusLowerStartingSkills.esp,25,0,,
BeastHHBB - Relationship Dialogue Overhaul Replacer.esp,2,0,,
Apothecary - WACCF.esp,8,0,,
DeadlySpellImpacts - AOS + ISC.esp,17,0,,
ISC USSEP Patch.esp,1,0,,
SkyrimsGotTalent-Bards - WACCF.esp,5,0,,
Madmen - Aetherius Magic Resist.esp,1,0,,
Madmen - Leveled List Difficulty Addon.esp,9,0,,
NotWL - Autumn Rift.esp,12,0,,
TheChoiceIsYours - GDO - RDO.esp,2,0,,
TSOS_Armor_Vilkas.esp,12,0,,
Nature of the Wild Lands - Bruma.esp,30,0,,
Nature of the Wild Lands - CuttingRoomFloor.esp,23,0,,
Nature of the Wild Lands - Shrine of Hircine Patch.esp,9,0,,
Lux Via - DK Nord Ships patch.esp,5,0,,
DK Nord Ships - CC Fishing patch.esp,13,0,,
DK Nord Ships - Fixes.esp,9,0,,
Fortified Morthal - AI Overhaul Patch.esp,9,0,,
Fortified Morthal - eFPS Patch.esp,38,0,,
Occ_Skyrim_COTN-Falkreath_patch.esp,58,0,,
Medieval Markets - CC Nordic Jewelry Patch.esp,3,0,,
Medieval Markets - eFPS Patch.esp,6,0,,
JKs Riften Outskirts - A Cats Life patch.esp,99,0,,
JKs Riften Outskirts - Mihails Goblins and Riekrs patch.esp,27,0,,
JKs Riften Outskirts - DK Nord Ships patch.esp,8,0,,
JKs Solitude Outskirts - Grand Solitude patch.esp,444,0,,
JKs Solitude Outskirts - DK Nord Ships patch.esp,112,0,,
JKs Solitude Outskirts - Grand Solitude + LFFGM patch.esp,17,0,,
JKs Raven Rock - Clockwork patch.esp,9,0,,
JKs Raven Rock - LotD patch.esp,7,0,,
JKs Raven Rock - Sunhelm patch.esp,5,0,,
JKs Raven Rock - TSR patch.esp,9,0,,
JKs Raven Rock - DK Nord Ships patch.esp,45,0,,
JKs Tel Mithryn - Konahrik Accoutrements patch.esp,2,0,,
JKs Tel Mithryn - TSR patch.esp,6,0,,
Occ_Skyrim_City-Entrances-Overhaul-Windhelm_patch.esp,105,0,,
Occ_Skyrim_JKs Windhelm Outskirts - CEO Windhelm_patch.esp,8,0,,
JKs Windhelm Outskirts - DK Nord Ships patch.esp,21,0,,
Occ_Skyrim_COTN-Dawnstar_patch.esp,34,0,,
COTN Dawnstar - 3DNPC Patch.esp,36,0,,
COTN Dawnstar - Additional Hearthfire Dolls Patch.esp,4,0,,
COTN Dawnstar - Amulets of Skyrim Patch.esp,8,0,,
COTN Dawnstar - AYOP TG Patch.esp,6,0,,
COTN Dawnstar - BGCollectables Patch.esp,3,0,,
COTN Dawnstar - Cheesemod Patch.esp,24,0,,
COTN Dawnstar - Citizens of Tamriel patch.esp,3,0,,
COTN Dawnstar - Cloaks of Skyrim Patch.esp,5,0,,
COTN Dawnstar - Clockwork Patch.esp,5,0,,
COTN Dawnstar - Skyrim Unique Drinks Patch.esp,10,0,,
COTN Dawnstar - SkyrimsUniqueTreasures Patch.esp,8,0,,
Snazzy Black Briar Lodge - Cheesemod Patch.esp,34,0,,
Snazzy Black Briar Lodge - LotD Patch.esp,12,0,,
Snazzy Black Briar Lodge - SUT Patch.esp,2,0,,
Snazzy Drelas Cottage - 3DNPC Patch.esp,10,0,,
Snazzy Honningbrew Meadery - Cheesemod Patch.esp,8,0,,
Snazzy Interiors - Frostfruit Inn - 3DNPC patch.esp,13,0,,
Snazzy Interiors - Frostfruit Inn - A Cats Life patch.esp,17,0,,
Snazzy Interiors - Frostfruit Inn - Cheesemod patch.esp,7,0,,
Snazzy Interiors - Frostfruit Inn - LotD patch.esp,3,0,,
Snazzy Interiors - Frostfruit Inn - SUDs patch.esp,8,0,,
Snazzy Interiors - Kynesgrove Braidwood Inn - 3DNPC patch.esp,16,0,,
Snazzy Interiors - Kynesgrove Braidwood Inn - Cheesemod patch.esp,2,0,,
Snazzy Interiors - Kynesgrove Braidwood Inn - LotD patch.esp,2,0,,
Snazzy Interiors - Kynesgrove Braidwood Inn - SUDs patch.esp,8,0,,
Snazzy Interiors - Markarth AIO - 3DNPC patch.esp,3,0,,
Snazzy Interiors - Markarth AIO - Additional Hearthfire Dolls patch.esp,2,0,,
Snazzy Interiors - Markarth AIO - AYOP TG patch.esp,4,0,,
Snazzy Interiors - Markarth AIO - BGCollectables patch.esp,3,0,,
Snazzy Interiors - Markarth AIO - Cheesemod patch.esp,15,0,,
Snazzy Interiors - Markarth AIO - Cloaks of Skyrim patch.esp,3,0,,
Snazzy Interiors - Markarth AIO - LotD patch.esp,2,0,,
Snazzy Interiors - Markarth AIO - SUT patch.esp,5,0,,
Snazzy Interiors - Markarth AIO - WACCF patch.esp,82,0,,
Snazzy Interiors - Morthal AIO - 3DNPC patch.esp,13,0,,
Snazzy Interiors - Morthal AIO - AYOP TG patch.esp,6,0,,
Snazzy Interiors - Morthal AIO - Cheesemod patch.esp,15,0,,
Snazzy Interiors - Morthal AIO - Citizens of Tamriel patch.esp,4,0,,
Snazzy Interiors - Morthal AIO - LotD patch.esp,7,0,,
Snazzy Interiors - Morthal AIO - SUT patch.esp,6,0,,
Snazzy Interiors - Raven Rock AIO - LotD patch.esp,2,0,,
Snazzy Interiors - Raven Rock AIO - SDA patch.esp,2,0,,
Snazzy Interiors - Raven Rock AIO - SUDs patch.esp,13,0,,
Snazzy Interiors - Raven Rock AIO - TSR patch.esp,6,0,,
Snazzy Interiors - Riften AIO - 3DNPC patch.esp,6,0,,
Snazzy Interiors - Riften AIO - Amulets of Skyrim patch.esp,6,0,,
Snazzy Interiors - Riften AIO - Cheesemod patch.esp,67,0,,
Snazzy Interiors - Riften AIO - LotD patch.esp,11,0,,
Snazzy Interiors - Riften AIO - Navigator patch.esp,3,0,,
Snazzy Interiors - Riften AIO - Oblivion Artifacts patch.esp,3,0,,
Snazzy Interiors - Riften AIO - SUT patch.esp,2,0,,
Snazzy Interiors - Riften AIO - WACCF patch.esp,1,0,,
Snazzy Interiors - Rorik's Manor - Cheesemod Patch.esp,4,0,,
Snazzy Interiors - Sarethi Farm - 3DNPC Patch.esp,4,0,,
Snazzy Interiors - Sarethi Farm - AYOP TG patch.esp,3,0,,
Snazzy Interiors - Sarethi Farm - Cheesemod Patch.esp,3,0,,
Snazzy Interiors - Sarethi Farm - SUT Patch.esp,2,0,,
Medieval Markets - Grand Solitude Patch.esp,120,0,,
Snazzy Interiors - Solitude AIO - Additional Hearthfire Dolls patch.esp,2,0,,
Snazzy Interiors - Solitude AIO - Amulets of Skyrim patch.esp,2,0,,
Snazzy Interiors - Solitude AIO - Cheesemod patch.esp,25,0,,
Snazzy Interiors - Solitude AIO - LotD patch.esp,206,0,,
Snazzy Interiors - Solitude AIO - SUT patch.esp,5,0,,
Snazzy Interiors - Whiterun AIO - Cheesemod patch.esp,12,0,,
Snazzy Interiors - Whiterun AIO - Oblivion Artifacts patch.esp,2,0,,
Snazzy Interiors - Whiterun AIO - SUT patch.esp,3,0,,
Snazzy Interiors - Windhelm AIO - 3DNPC patch.esp,1075,0,,
Snazzy Interiors - Windhelm AIO - AYOP TG patch.esp,3,0,,
Snazzy Interiors - Windhelm AIO - Cheesemod patch.esp,30,0,,
Snazzy Interiors - Windhelm AIO - CRF patch.esp,5,0,,
Snazzy Interiors - Windhelm AIO - LotD patch.esp,12,0,,
Snazzy Interiors - Windhelm AIO - SUT patch.esp,6,0,,
COTN Dawnstar - Wintersun Patch.esp,2,0,,
COTN Dawnstar - Nord Ships Patch.esp,29,0,,
COTN Dawnstar - Snazzy Interiors - Dawnstar AIO + 3DNPC patch.esp,3,0,,
COTN Dawnstar - Snazzy Interiors - Dawnstar AIO + Additional Hearthfire Dolls patch.esp,2,0,,
COTN Dawnstar - Snazzy Interiors - Dawnstar AIO + Amulets of Skyrim patch.esp,3,0,,
COTN Dawnstar - Snazzy Interiors - Dawnstar AIO + AYOP TG patch.esp,10,0,,
COTN Dawnstar - Snazzy Interiors - Dawnstar AIO + Kozakowy MDP Outfit (ESL) patch.esp,2,0,,
COTN Dawnstar - Snazzy Interiors - Dawnstar AIO + SUT patch.esp,2,0,,
COTN Dawnstar - Snazzy Interiors - Dawnstar AIO + Cheesemod patch.esp,4,0,,
COTN Falkreath - 3DNPC Patch.esp,32,0,,
COTN Falkreath - A Cats Life patch.esp,23,0,,
COTN Falkreath - Additional Hearthfire Dolls Patch.esp,2,0,,
COTN Falkreath - Amulets of Skyrim Patch.esp,8,0,,
COTN Falkreath - AYOP TG patch.esp,13,0,,
COTN Falkreath - BGCollectables Patch.esp,3,0,,
COTN Falkreath - Cheesemod Patch.esp,26,0,,
COTN Falkreath - Cloaks Patch.esp,3,0,,
COTN Falkreath - Clockwork Patch.esp,4,0,,
COTN Falkreath - Grass Mods Patch.esp,37,0,,
COTN Falkreath - Identity Crisis patch.esp,79,0,,
COTN Falkreath - LOTD patch.esp,43,0,,
COTN Falkreath - Skyrim Unique Drinks Patch.esp,7,0,,
COTN Falkreath - Skyrims Unique Treasures patch.esp,13,0,,
COTN Falkreath - Snazzy Interiors Falkreath AIO + Cheesemod patch.esp,3,0,,
COTN Falkreath - Snazzy Interiors Falkreath AIO + SUT patch.esp,3,0,,
COTN Falkreath Addons.esp,73,0,,
COTN Falkreath - NotWL + Addons patch.esp,11,0,,
COTN Winterhold - 3DNPC Patch.esp,46,0,,
COTN Winterhold - AI Overhaul Patch.esp,71,0,,
COTN Winterhold - Amulets of Skyrim Patch.esp,7,0,,
COTN Winterhold - BGCollectables Patch.esp,2,0,,
COTN Winterhold - Cheesemod Patch.esp,13,0,,
COTN Winterhold - Cloaks Patch.esp,5,0,,
COTN Winterhold - LOTD Patch.esp,13,0,,
COTN Winterhold - Midwood Isle Patch.esp,13,0,,
COTN Winterhold - Skyrim Unique Drinks Patch.esp,11,0,,
COTN Winterhold - SUT Patch.esp,7,0,,
Ivy - Riverwood Well - SunHelm Patch.esp,3,0,,
Faendal Home Overhaul - Nature of the Wild Lands Patch.esp,12,0,,
Faendal Home Overhaul - Embers XD Patch.esp,2,0,,
Faendal Home Overhaul - Gates of Riverwood.esp,4,0,,
Riverwood Timber Rest - Riverwood Smelter Addon Patch.esp,17,0,,
Riverwood Timber Rest - Nature of the WIld Lands Patch.esp,20,0,,
Riverwood Timber Rest - Embers XD Patch.esp,3,0,,
Thuldors Ivarstead - SUDs Patch.esp,11,0,,
Thuldor's Ivarstead - Candlehearth.esp,5,0,,
Great Village of Kynesgrove - AI Overhaul Patch.esp,21,0,,
Great Village of Kynesgrove - Skyrim Unique Drinks Patch.esp,11,0,,
Great Town of Shor's Stone - AI Overhaul Patch.esp,6,0,,
Snazzy Interiors - Darkwater Crossing Verner and Annekke's House - TGC - Cheesemod patch.esp,3,0,,
Orc Strongholds - AIO - 3DNPCs Patch.esp,10,0,,
Orc Strongholds - AIO - Mihail's Goblins and Riekrs Patch.esp,15,0,,
Orc Strongholds - AIO - Mihail's Ogres and Ettins Patch.esp,7,0,,
Orc Exiles - Bilegulch - 3DNPCs patch.esp,69,0,,
Orc Exiles - Bilegulch - IFD Lydia patch.esp,46,0,,
Orc Exiles - Bilegulch - 3DNPCs - IFD Lydia patch.esp,4,0,,
Orc Exiles - Bilegulch - Natural Waterfalls patch.esp,3,0,,
Orc Exiles - Rift Watchtower - 3DNPCs Patch.esp,26,0,,
Snazzy Interiors - JKs Palace of the Kings - 3DNPC patch.esp,3,0,,
Snazzy Interiors - JKs Palace of the Kings - Amulets of Skyrim patch.esp,7,0,,
Snazzy Interiors - JKs Palace of the Kings - Cheesemod patch.esp,6,0,,
Snazzy Interiors - JKs Palace of the Kings - Citizens of Tamriel patch.esp,2,0,,
Snazzy Interiors - JKs Palace of the Kings - Cloaks of Skyrim patch.esp,5,0,,
Snazzy Interiors - JKs Palace of the Kings - CRF patch.esp,3,0,,
Snazzy Interiors - JKs Palace of the Kings - Skyrim Sewers patch.esp,7,0,,
TGCotN Winterhold - Amulets of Skyrim patch.esp,6,0,,
TGCotN Winterhold - BGCollectables patch.esp,2,0,,
TGCotN Winterhold - Cheesemod patch.esp,14,0,,
TGCotN Winterhold - Cloaks of Skyrim patch.esp,5,0,,
TGCotN Winterhold - SUT patch.esp,7,0,,
Snazzy Interiors - Windhelm AIO - WACCF patch.esp,2,0,,
DBM_JKBannered_Patch.esp,3,0,,
DBM_JKArcadia_Patch.esp,2,0,,
DBM_JKBelethor_Patch.esp,4,0,,
DBM_JKWarmaidens_Patch.esp,2,0,,
JKs Arcadias Cauldron - Ashe patch.esp,2,0,,
JKs Bannered Mare - Ashe patch.esp,3,0,,
JKs Bee and Barb - Ashe patch.esp,3,0,,
JKs Haelgas Bunkhouse - SDA Patch.esp,2,0,,
JKs New Gnisis Cornerclub - Ashe patch.esp,2,0,,
Snazzy Interiors - JKs Palace of the Kings - AYOP TG patch.esp,11,0,,
JKs Septimus Signus Outpost - DK Realistic Nord Ships patch.esp,15,0,,
JKs Silver-Blood Inn - Ashe patch.esp,2,0,,
JKs Arcadias Cauldron - Cheesemod Patch.esp,4,0,,
JKs Bannered Mare - Skyrim Unique Drinks Patch.esp,8,0,,
Occ_Skyrim_JKsBluePalace_patch.esp,4,0,,
JKs Blue Palace - 3DNPC Patch.esp,4,0,,
JKs Blue Palace - A Cats Life patch.esp,7,0,,
JKs Blue Palace - ACE Patch.esp,1,0,,
JKs Blue Palace - Amulets of Skyrim patch.esp,3,0,,
JKs Blue Palace - AYOP TG patch.esp,7,0,,
JKs Blue Palace - BGCollectables Patch.esp,2,0,,
JKs Blue Palace - Cheesemod Patch.esp,8,0,,
JKs Blue Palace - DBMCollectors Patch.esp,2,0,,
JKs Blue Palace - Royal Armory Replacer patch.esp,2,0,,
JKs Blue Palace - Skyrim Sewers Patch.esp,6,0,,
JKs Blue Palace - SUT Patch.esp,2,0,,
JKs Hags Cure - A Cats Life Patch.esp,7,0,,
JKs Palace of the Kings - Citizens Complete patch.esp,4,0,,
JKs Sleeping Giant Inn - 3DNPC Patch.esp,2,0,,
JKs Sleeping Giant Inn - Ashe patch.esp,4,0,,
JKs Sleeping Giant Inn - Cheesemod Patch.esp,3,0,,
JKs Sleeping Giant Inn - Skyrim Unique Drinks Patch.esp,14,0,,
JKs Winking Skeever - Ashe patch.esp,3,0,,
Nightgate Inn Revived - 3DNPC.esp,29,0,,
Nightgate Inn Revived - AI Overhaul.esp,8,0,,
Nightgate Inn Revived - At Your Own Pace - Dawnguard.esp,2,0,,
Nightgate Inn Revived - At Your Own Pace - Thieves Guild.esp,2,0,,
Nightgate Inn Revived - Cheesemod.esp,20,0,,
Nightgate Inn Revived - Cutting Room Floor.esp,81,0,,
Nightgate Inn Revived - Legacy of the Dragonborn.esp,11,0,,
Nightgate Inn Revived - Skyrims Unique Treasures.esp,4,0,,
Nightgate Inn Revived - SUDs patch.esp,12,0,,
Candlehearth - The Great Town of Karthwasten Patch.esp,13,0,,
Candlehearth - The Great Town of Shor's Stone Patch.esp,4,0,,
Candlehearth - The Great Village of Kynesgrove Patch.esp,5,0,,
Candlehearth - The Great Village of Old Hroldan Patch.esp,4,0,,
Snazzy Interiors - Karthwasten Hall - 3DNPC (TGTK) patch.esp,2,0,,
Snazzy Interiors - Karthwasten Hall - AYOP TG (TGTK) patch.esp,3,0,,
Snazzy Interiors - Karthwasten Hall - Cheesemod (TGTK) patch.esp,3,0,,
GreenThumbSolitude.esp,540,0,,
Freak's Floral Fields- All Dead Tundra.esp,6,0,,
Freak's Floral Fields- Dead Snow Grass.esp,2,0,,
Freak's Floral Fields- Ferntastic Pine!.esp,6,0,,
Freak's Floral Fields- Realistic Rift.esp,7,0,,
Freak's Floral Fields- Volcanic Wasteland.esp,7,0,,
Faendal Home Overhaul - Lux Orbis Patch.esp,15,0,,
RIverwood Timber Rest - Lux Orbis Patch.esp,17,0,,
Nightgate Inn Revived - Lux Orbis - CRF.esp,40,0,,
Lux Orbis - LotD patch.esp,278,0,,
Faendal Home Overhaul - Lux Patch.esp,62,0,,
Occ_Skyrim_City-Entrances-Overhaul-Markarth_patch.esp,43,0,,
Lux - Ryn's Whiterun City Limits patch.esp,150,0,,
Lux - Legacy of the Dragonborn patch.esp,5714,0,,
Lux - SWIFT.esp,63,0,,
Lux - Grand Solitude patch.esp,2411,0,,
Snazzy Interiors - Windhelm AIO - 3DNPC + Lux patch.esp,147,0,,
Riverwood Timber Rest - Northern Road Patch.esp,11,0,,
Northern Roads Tents - Animated.esp,1,0,,
Northern Roads - Ashe patch.esp,5,0,,
Northern Roads - Realistic Nord Ships Patch.esp,23,0,,
Northern Roads - Ryn's Whiterun City Limits Patch.esp,339,0,,
Northern Roads - Ryn's Whiterun City Limits + CC Tundra Homestead patch.esp,11,0,,
Northern Roads - Ryn's Whiterun City Limits + Ryn's Bleakwind Basin patch.esp,9,0,,
Northern Roads - COTN Dawnstar - Realistic Nord Ships - Lux Orbis patch.esp,10,0,,
Northern Roads - Skybound Underhang Camp patch.esp,18,0,,
Northern Roads - Better Courier patch.esp,3,0,,
Northern Roads - JKs Riften Outskirts - A Cat's Life patch.esp,9,0,,
Northern Roads - LFFGM - Complementary Grass Fix Patch.esp,11,0,,
Northern Roads - Lux Via - Better Courier patch.esp,3,0,,
Northern Roads - Lux Via - The Great Town of Karthwasten.esp,4,0,,
Northern Roads - Ryn's Dragon Mounds - TGV Kynesgrove patch.esp,9,0,,
Northern Roads - Skyrim Wayshrines patch.esp,38,0,,
Northern Roads - Thunderchild patch.esp,16,0,,
Northern Roads - Tools of Kagrenac patch.esp,7,0,,
Northern Roads - Wintersun patch.esp,15,0,,
Northern Roads - Grand Solitude patch.esp,92,0,,
Northern Roads - JKs Solitude Outskirts + Grand Solitude patch.esp,28,0,,
JKs Riften Outskirts - Atlas Map Markers patch.esp,3,0,,
Praedy's WinterholdCollegeBanner.esp,1,0,,
